#-----------------------------------------------------------
# Vivado v2018.3 (64-bit)
# SW Build 2405991 on Thu Dec  6 23:38:27 MST 2018
# IP Build 2404404 on Fri Dec  7 01:43:56 MST 2018
# Start of session at: Sat Jul 25 18:04:21 2026
# Process ID: 58208
# Current directory: F:/Vivado/2023_pl_new/2023_step2_by_ygw
# Command line: vivado.exe -mode batch -source F:\Vivado\2023\main\FPGA--main\run_costas_pipeline_impl.tcl -log F:\Vivado\2023_pl_new\2023_step2_by_ygw\run_costas_pipeline_impl.log -journal F:\Vivado\2023_pl_new\2023_step2_by_ygw\run_costas_pipeline_impl.jou
# Log file: F:/Vivado/2023_pl_new/2023_step2_by_ygw/run_costas_pipeline_impl.log
# Journal file: F:\Vivado\2023_pl_new\2023_step2_by_ygw\run_costas_pipeline_impl.jou
#-----------------------------------------------------------
source {F:\Vivado\2023\main\FPGA--main\run_costas_pipeline_impl.tcl}
# set project_dir {F:/Vivado/2023_pl_new/2023_step2_by_ygw}
# set project_file [file join $project_dir 2023_step2_by_ygw.xpr]
# set report_file [file join $project_dir timing_after_costas_pipeline.rpt]
# set paths_file [file join $project_dir failing_paths_after_costas_pipeline.rpt]
# open_project $project_file
Scanning sources...
Finished scanning sources
INFO: [IP_Flow 19-234] Refreshing IP repositories
INFO: [IP_Flow 19-1704] No user IP repositories specified
INFO: [IP_Flow 19-2313] Loaded Vivado IP repository 'D:/xlinks/Vivado/2018.3/data/ip'.
# reset_run synth_1
# launch_runs synth_1 -jobs 8
[Sat Jul 25 18:04:34 2026] Launched synth_1...
Run output will be captured here: F:/Vivado/2023_pl_new/2023_step2_by_ygw/2023_step2_by_ygw.runs/synth_1/runme.log
launch_runs: Time (s): cpu = 00:00:00 ; elapsed = 00:00:06 . Memory (MB): peak = 423.500 ; gain = 2.551
# wait_on_run synth_1
[Sat Jul 25 18:04:34 2026] Waiting for synth_1 to finish...

*** Running vivado
    with args -log design_1_wrapper.vds -m64 -product Vivado -mode batch -messageDb vivado.pb -notrace -source design_1_wrapper.tcl


****** Vivado v2018.3 (64-bit)
  **** SW Build 2405991 on Thu Dec  6 23:38:27 MST 2018
  **** IP Build 2404404 on Fri Dec  7 01:43:56 MST 2018
    ** Copyright 1986-2018 Xilinx, Inc. All Rights Reserved.

source design_1_wrapper.tcl -notrace
INFO: [IP_Flow 19-234] Refreshing IP repositories
INFO: [IP_Flow 19-1704] No user IP repositories specified
INFO: [IP_Flow 19-2313] Loaded Vivado IP repository 'D:/xlinks/Vivado/2018.3/data/ip'.
add_files: Time (s): cpu = 00:00:03 ; elapsed = 00:00:11 . Memory (MB): peak = 412.820 ; gain = 92.605
Command: synth_design -top design_1_wrapper -part xc7z020clg400-2
Starting synth_design
Attempting to get a license for feature 'Synthesis' and/or device 'xc7z020'
INFO: [Common 17-349] Got license for feature 'Synthesis' and/or device 'xc7z020'
INFO: Launching helper process for spawning children vivado processes
INFO: Helper process launched with PID 64288 
---------------------------------------------------------------------------------
Starting RTL Elaboration : Time (s): cpu = 00:00:01 ; elapsed = 00:00:01 . Memory (MB): peak = 511.508 ; gain = 96.961
---------------------------------------------------------------------------------
INFO: [Synth 8-6157] synthesizing module 'design_1_wrapper' [F:/Vivado/2023_pl_new/2023_step2_by_ygw/2023_step2_by_ygw.srcs/sources_1/bd/design_1/hdl/design_1_wrapper.v:12]
INFO: [Synth 8-6157] synthesizing module 'design_1' [F:/Vivado/2023_pl_new/2023_step2_by_ygw/2023_step2_by_ygw.srcs/sources_1/bd/design_1/synth/design_1.v:13]
INFO: [Synth 8-6157] synthesizing module 'design_1_ad9226_stage1_driver_0_0' [F:/Vivado/2023_pl_new/2023_step2_by_ygw/2023_step2_by_ygw.runs/synth_1/.Xil/Vivado-63024-Y9000P/realtime/design_1_ad9226_stage1_driver_0_0_stub.v:6]
INFO: [Synth 8-6155] done synthesizing module 'design_1_ad9226_stage1_driver_0_0' (1#1) [F:/Vivado/2023_pl_new/2023_step2_by_ygw/2023_step2_by_ygw.runs/synth_1/.Xil/Vivado-63024-Y9000P/realtime/design_1_ad9226_stage1_driver_0_0_stub.v:6]
WARNING: [Synth 8-350] instance 'ad9226_stage1_driver_0' of module 'design_1_ad9226_stage1_driver_0_0' requires 13 connections, but only 9 given [F:/Vivado/2023_pl_new/2023_step2_by_ygw/2023_step2_by_ygw.srcs/sources_1/bd/design_1/synth/design_1.v:208]
INFO: [Synth 8-6157] synthesizing module 'design_1_axi_bram_ctrl_0_0' [F:/Vivado/2023_pl_new/2023_step2_by_ygw/2023_step2_by_ygw.runs/synth_1/.Xil/Vivado-63024-Y9000P/realtime/design_1_axi_bram_ctrl_0_0_stub.v:6]
INFO: [Synth 8-6155] done synthesizing module 'design_1_axi_bram_ctrl_0_0' (2#1) [F:/Vivado/2023_pl_new/2023_step2_by_ygw/2023_step2_by_ygw.runs/synth_1/.Xil/Vivado-63024-Y9000P/realtime/design_1_axi_bram_ctrl_0_0_stub.v:6]
INFO: [Synth 8-6157] synthesizing module 'design_1_axi_smc_1' [F:/Vivado/2023_pl_new/2023_step2_by_ygw/2023_step2_by_ygw.runs/synth_1/.Xil/Vivado-63024-Y9000P/realtime/design_1_axi_smc_1_stub.v:6]
INFO: [Synth 8-6155] done synthesizing module 'design_1_axi_smc_1' (3#1) [F:/Vivado/2023_pl_new/2023_step2_by_ygw/2023_step2_by_ygw.runs/synth_1/.Xil/Vivado-63024-Y9000P/realtime/design_1_axi_smc_1_stub.v:6]
WARNING: [Synth 8-350] instance 'axi_smc' of module 'design_1_axi_smc_1' requires 73 connections, but only 71 given [F:/Vivado/2023_pl_new/2023_step2_by_ygw/2023_step2_by_ygw.srcs/sources_1/bd/design_1/synth/design_1.v:261]
INFO: [Synth 8-6157] synthesizing module 'design_1_blk_mem_gen_0_0' [F:/Vivado/2023_pl_new/2023_step2_by_ygw/2023_step2_by_ygw.runs/synth_1/.Xil/Vivado-63024-Y9000P/realtime/design_1_blk_mem_gen_0_0_stub.v:6]
INFO: [Synth 8-6155] done synthesizing module 'design_1_blk_mem_gen_0_0' (4#1) [F:/Vivado/2023_pl_new/2023_step2_by_ygw/2023_step2_by_ygw.runs/synth_1/.Xil/Vivado-63024-Y9000P/realtime/design_1_blk_mem_gen_0_0_stub.v:6]
WARNING: [Synth 8-350] instance 'blk_mem_gen_0' of module 'design_1_blk_mem_gen_0_0' requires 16 connections, but only 13 given [F:/Vivado/2023_pl_new/2023_step2_by_ygw/2023_step2_by_ygw.srcs/sources_1/bd/design_1/synth/design_1.v:333]
INFO: [Synth 8-6157] synthesizing module 'design_1_clk_wiz_0_0' [F:/Vivado/2023_pl_new/2023_step2_by_ygw/2023_step2_by_ygw.runs/synth_1/.Xil/Vivado-63024-Y9000P/realtime/design_1_clk_wiz_0_0_stub.v:5]
INFO: [Synth 8-6155] done synthesizing module 'design_1_clk_wiz_0_0' (5#1) [F:/Vivado/2023_pl_new/2023_step2_by_ygw/2023_step2_by_ygw.runs/synth_1/.Xil/Vivado-63024-Y9000P/realtime/design_1_clk_wiz_0_0_stub.v:5]
INFO: [Synth 8-6157] synthesizing module 'design_1_ddc_stage1_pl2_top_0_0' [F:/Vivado/2023_pl_new/2023_step2_by_ygw/2023_step2_by_ygw.runs/synth_1/.Xil/Vivado-63024-Y9000P/realtime/design_1_ddc_stage1_pl2_top_0_0_stub.v:6]
INFO: [Synth 8-6155] done synthesizing module 'design_1_ddc_stage1_pl2_top_0_0' (6#1) [F:/Vivado/2023_pl_new/2023_step2_by_ygw/2023_step2_by_ygw.runs/synth_1/.Xil/Vivado-63024-Y9000P/realtime/design_1_ddc_stage1_pl2_top_0_0_stub.v:6]
WARNING: [Synth 8-350] instance 'ddc_stage1_pl2_top_0' of module 'design_1_ddc_stage1_pl2_top_0_0' requires 11 connections, but only 8 given [F:/Vivado/2023_pl_new/2023_step2_by_ygw/2023_step2_by_ygw.srcs/sources_1/bd/design_1/synth/design_1.v:353]
INFO: [Synth 8-6157] synthesizing module 'design_1_demod_pool_core_bpsk_0_0' [F:/Vivado/2023_pl_new/2023_step2_by_ygw/2023_step2_by_ygw.runs/synth_1/.Xil/Vivado-63024-Y9000P/realtime/design_1_demod_pool_core_bpsk_0_0_stub.v:6]
INFO: [Synth 8-6155] done synthesizing module 'design_1_demod_pool_core_bpsk_0_0' (7#1) [F:/Vivado/2023_pl_new/2023_step2_by_ygw/2023_step2_by_ygw.runs/synth_1/.Xil/Vivado-63024-Y9000P/realtime/design_1_demod_pool_core_bpsk_0_0_stub.v:6]
WARNING: [Synth 8-350] instance 'demod_pool_core_bpsk_0' of module 'design_1_demod_pool_core_bpsk_0_0' requires 28 connections, but only 25 given [F:/Vivado/2023_pl_new/2023_step2_by_ygw/2023_step2_by_ygw.srcs/sources_1/bd/design_1/synth/design_1.v:362]
INFO: [Synth 8-6157] synthesizing module 'design_1_feature_bram_writer_0_0' [F:/Vivado/2023_pl_new/2023_step2_by_ygw/2023_step2_by_ygw.runs/synth_1/.Xil/Vivado-63024-Y9000P/realtime/design_1_feature_bram_writer_0_0_stub.v:6]
INFO: [Synth 8-6155] done synthesizing module 'design_1_feature_bram_writer_0_0' (8#1) [F:/Vivado/2023_pl_new/2023_step2_by_ygw/2023_step2_by_ygw.runs/synth_1/.Xil/Vivado-63024-Y9000P/realtime/design_1_feature_bram_writer_0_0_stub.v:6]
WARNING: [Synth 8-350] instance 'feature_bram_writer_0' of module 'design_1_feature_bram_writer_0_0' requires 18 connections, but only 17 given [F:/Vivado/2023_pl_new/2023_step2_by_ygw/2023_step2_by_ygw.srcs/sources_1/bd/design_1/synth/design_1.v:388]
WARNING: [Synth 8-4446] all outputs are unconnected for this instance and logic may be removed [F:/Vivado/2023_pl_new/2023_step2_by_ygw/2023_step2_by_ygw.srcs/sources_1/bd/design_1/synth/design_1.v:406]
INFO: [Synth 8-6157] synthesizing module 'design_1_ila_bpsk_0_0' [F:/Vivado/2023_pl_new/2023_step2_by_ygw/2023_step2_by_ygw.runs/synth_1/.Xil/Vivado-63024-Y9000P/realtime/design_1_ila_bpsk_0_0_stub.v:6]
INFO: [Synth 8-6155] done synthesizing module 'design_1_ila_bpsk_0_0' (9#1) [F:/Vivado/2023_pl_new/2023_step2_by_ygw/2023_step2_by_ygw.runs/synth_1/.Xil/Vivado-63024-Y9000P/realtime/design_1_ila_bpsk_0_0_stub.v:6]
INFO: [Synth 8-6157] synthesizing module 'design_1_processing_system7_0_0' [F:/Vivado/2023_pl_new/2023_step2_by_ygw/2023_step2_by_ygw.runs/synth_1/.Xil/Vivado-63024-Y9000P/realtime/design_1_processing_system7_0_0_stub.v:6]
INFO: [Synth 8-6155] done synthesizing module 'design_1_processing_system7_0_0' (10#1) [F:/Vivado/2023_pl_new/2023_step2_by_ygw/2023_step2_by_ygw.runs/synth_1/.Xil/Vivado-63024-Y9000P/realtime/design_1_processing_system7_0_0_stub.v:6]
INFO: [Synth 8-6157] synthesizing module 'design_1_rst_ps7_0_100M_1' [F:/Vivado/2023_pl_new/2023_step2_by_ygw/2023_step2_by_ygw.runs/synth_1/.Xil/Vivado-63024-Y9000P/realtime/design_1_rst_ps7_0_100M_1_stub.v:6]
INFO: [Synth 8-6155] done synthesizing module 'design_1_rst_ps7_0_100M_1' (11#1) [F:/Vivado/2023_pl_new/2023_step2_by_ygw/2023_step2_by_ygw.runs/synth_1/.Xil/Vivado-63024-Y9000P/realtime/design_1_rst_ps7_0_100M_1_stub.v:6]
WARNING: [Synth 8-350] instance 'rst_ps7_0_60M' of module 'design_1_rst_ps7_0_100M_1' requires 10 connections, but only 7 given [F:/Vivado/2023_pl_new/2023_step2_by_ygw/2023_step2_by_ygw.srcs/sources_1/bd/design_1/synth/design_1.v:517]
INFO: [Synth 8-6157] synthesizing module 'design_1_proc_sys_reset_0_1' [F:/Vivado/2023_pl_new/2023_step2_by_ygw/2023_step2_by_ygw.runs/synth_1/.Xil/Vivado-63024-Y9000P/realtime/design_1_proc_sys_reset_0_1_stub.v:6]
INFO: [Synth 8-6155] done synthesizing module 'design_1_proc_sys_reset_0_1' (12#1) [F:/Vivado/2023_pl_new/2023_step2_by_ygw/2023_step2_by_ygw.runs/synth_1/.Xil/Vivado-63024-Y9000P/realtime/design_1_proc_sys_reset_0_1_stub.v:6]
WARNING: [Synth 8-350] instance 'rst_sample_60M' of module 'design_1_proc_sys_reset_0_1' requires 10 connections, but only 6 given [F:/Vivado/2023_pl_new/2023_step2_by_ygw/2023_step2_by_ygw.srcs/sources_1/bd/design_1/synth/design_1.v:525]
INFO: [Synth 8-6157] synthesizing module 'design_1_util_vector_logic_0_0' [F:/Vivado/2023_pl_new/2023_step2_by_ygw/2023_step2_by_ygw.runs/synth_1/.Xil/Vivado-63024-Y9000P/realtime/design_1_util_vector_logic_0_0_stub.v:6]
INFO: [Synth 8-6155] done synthesizing module 'design_1_util_vector_logic_0_0' (13#1) [F:/Vivado/2023_pl_new/2023_step2_by_ygw/2023_step2_by_ygw.runs/synth_1/.Xil/Vivado-63024-Y9000P/realtime/design_1_util_vector_logic_0_0_stub.v:6]
INFO: [Synth 8-6157] synthesizing module 'design_1_util_vector_logic_0_1' [F:/Vivado/2023_pl_new/2023_step2_by_ygw/2023_step2_by_ygw.runs/synth_1/.Xil/Vivado-63024-Y9000P/realtime/design_1_util_vector_logic_0_1_stub.v:6]
INFO: [Synth 8-6155] done synthesizing module 'design_1_util_vector_logic_0_1' (14#1) [F:/Vivado/2023_pl_new/2023_step2_by_ygw/2023_step2_by_ygw.runs/synth_1/.Xil/Vivado-63024-Y9000P/realtime/design_1_util_vector_logic_0_1_stub.v:6]
INFO: [Synth 8-6157] synthesizing module 'design_1_xlconstant_0_0' [f:/Vivado/2023_pl_new/2023_step2_by_ygw/2023_step2_by_ygw.srcs/sources_1/bd/design_1/ip/design_1_xlconstant_0_0/synth/design_1_xlconstant_0_0.v:57]
INFO: [Synth 8-6157] synthesizing module 'xlconstant_v1_1_5_xlconstant' [f:/Vivado/2023_pl_new/2023_step2_by_ygw/2023_step2_by_ygw.srcs/sources_1/bd/design_1/ipshared/4649/hdl/xlconstant_v1_1_vl_rfs.v:23]
	Parameter CONST_VAL bound to: 0 - type: integer 
	Parameter CONST_WIDTH bound to: 1 - type: integer 
INFO: [Synth 8-6155] done synthesizing module 'xlconstant_v1_1_5_xlconstant' (15#1) [f:/Vivado/2023_pl_new/2023_step2_by_ygw/2023_step2_by_ygw.srcs/sources_1/bd/design_1/ipshared/4649/hdl/xlconstant_v1_1_vl_rfs.v:23]
INFO: [Synth 8-6155] done synthesizing module 'design_1_xlconstant_0_0' (16#1) [f:/Vivado/2023_pl_new/2023_step2_by_ygw/2023_step2_by_ygw.srcs/sources_1/bd/design_1/ip/design_1_xlconstant_0_0/synth/design_1_xlconstant_0_0.v:57]
INFO: [Synth 8-6157] synthesizing module 'design_1_xlconstant_1_0' [f:/Vivado/2023_pl_new/2023_step2_by_ygw/2023_step2_by_ygw.srcs/sources_1/bd/design_1/ip/design_1_xlconstant_1_0/synth/design_1_xlconstant_1_0.v:57]
INFO: [Synth 8-6157] synthesizing module 'xlconstant_v1_1_5_xlconstant__parameterized0' [f:/Vivado/2023_pl_new/2023_step2_by_ygw/2023_step2_by_ygw.srcs/sources_1/bd/design_1/ipshared/4649/hdl/xlconstant_v1_1_vl_rfs.v:23]
	Parameter CONST_VAL bound to: 1 - type: integer 
	Parameter CONST_WIDTH bound to: 1 - type: integer 
INFO: [Synth 8-6155] done synthesizing module 'xlconstant_v1_1_5_xlconstant__parameterized0' (16#1) [f:/Vivado/2023_pl_new/2023_step2_by_ygw/2023_step2_by_ygw.srcs/sources_1/bd/design_1/ipshared/4649/hdl/xlconstant_v1_1_vl_rfs.v:23]
INFO: [Synth 8-6155] done synthesizing module 'design_1_xlconstant_1_0' (17#1) [f:/Vivado/2023_pl_new/2023_step2_by_ygw/2023_step2_by_ygw.srcs/sources_1/bd/design_1/ip/design_1_xlconstant_1_0/synth/design_1_xlconstant_1_0.v:57]
INFO: [Synth 8-6071] Mark debug on the nets applies keep_hierarchy on instance 'demod_pool_core_bpsk_0'. This will prevent further optimization [F:/Vivado/2023_pl_new/2023_step2_by_ygw/2023_step2_by_ygw.srcs/sources_1/bd/design_1/synth/design_1.v:362]
INFO: [Synth 8-6071] Mark debug on the nets applies keep_hierarchy on instance 'ila_bpsk_0'. This will prevent further optimization [F:/Vivado/2023_pl_new/2023_step2_by_ygw/2023_step2_by_ygw.srcs/sources_1/bd/design_1/synth/design_1.v:406]
INFO: [Synth 8-6155] done synthesizing module 'design_1' (18#1) [F:/Vivado/2023_pl_new/2023_step2_by_ygw/2023_step2_by_ygw.srcs/sources_1/bd/design_1/synth/design_1.v:13]
INFO: [Synth 8-6155] done synthesizing module 'design_1_wrapper' (19#1) [F:/Vivado/2023_pl_new/2023_step2_by_ygw/2023_step2_by_ygw.srcs/sources_1/bd/design_1/hdl/design_1_wrapper.v:12]
---------------------------------------------------------------------------------
Finished RTL Elaboration : Time (s): cpu = 00:00:01 ; elapsed = 00:00:02 . Memory (MB): peak = 567.895 ; gain = 153.348
---------------------------------------------------------------------------------

Report Check Netlist: 
+------+------------------+-------+---------+-------+------------------+
|      |Item              |Errors |Warnings |Status |Description       |
+------+------------------+-------+---------+-------+------------------+
|1     |multi_driven_nets |      0|        0|Passed |Multi driven nets |
+------+------------------+-------+---------+-------+------------------+
---------------------------------------------------------------------------------
Start Handling Custom Attributes
---------------------------------------------------------------------------------
---------------------------------------------------------------------------------
Finished Handling Custom Attributes : Time (s): cpu = 00:00:01 ; elapsed = 00:00:02 . Memory (MB): peak = 567.895 ; gain = 153.348
---------------------------------------------------------------------------------
---------------------------------------------------------------------------------
Finished RTL Optimization Phase 1 : Time (s): cpu = 00:00:01 ; elapsed = 00:00:02 . Memory (MB): peak = 567.895 ; gain = 153.348
---------------------------------------------------------------------------------
INFO: [Device 21-403] Loading part xc7z020clg400-2
INFO: [Project 1-570] Preparing netlist for logic optimization

Processing XDC Constraints
Initializing timing engine
Parsing XDC File [f:/Vivado/2023_pl_new/2023_step2_by_ygw/2023_step2_by_ygw.srcs/sources_1/bd/design_1/ip/design_1_feature_bram_writer_0_0/design_1_feature_bram_writer_0_0/design_1_feature_bram_writer_0_0_in_context.xdc] for cell 'design_1_i/feature_bram_writer_0'
Finished Parsing XDC File [f:/Vivado/2023_pl_new/2023_step2_by_ygw/2023_step2_by_ygw.srcs/sources_1/bd/design_1/ip/design_1_feature_bram_writer_0_0/design_1_feature_bram_writer_0_0/design_1_feature_bram_writer_0_0_in_context.xdc] for cell 'design_1_i/feature_bram_writer_0'
Parsing XDC File [f:/Vivado/2023_pl_new/2023_step2_by_ygw/2023_step2_by_ygw.srcs/sources_1/bd/design_1/ip/design_1_processing_system7_0_0/design_1_processing_system7_0_0/design_1_processing_system7_0_0_in_context.xdc] for cell 'design_1_i/processing_system7_0'
Finished Parsing XDC File [f:/Vivado/2023_pl_new/2023_step2_by_ygw/2023_step2_by_ygw.srcs/sources_1/bd/design_1/ip/design_1_processing_system7_0_0/design_1_processing_system7_0_0/design_1_processing_system7_0_0_in_context.xdc] for cell 'design_1_i/processing_system7_0'
Parsing XDC File [f:/Vivado/2023_pl_new/2023_step2_by_ygw/2023_step2_by_ygw.srcs/sources_1/bd/design_1/ip/design_1_axi_bram_ctrl_0_0/design_1_axi_bram_ctrl_0_0/design_1_axi_bram_ctrl_0_0_in_context.xdc] for cell 'design_1_i/axi_bram_ctrl_0'
Finished Parsing XDC File [f:/Vivado/2023_pl_new/2023_step2_by_ygw/2023_step2_by_ygw.srcs/sources_1/bd/design_1/ip/design_1_axi_bram_ctrl_0_0/design_1_axi_bram_ctrl_0_0/design_1_axi_bram_ctrl_0_0_in_context.xdc] for cell 'design_1_i/axi_bram_ctrl_0'
Parsing XDC File [f:/Vivado/2023_pl_new/2023_step2_by_ygw/2023_step2_by_ygw.srcs/sources_1/bd/design_1/ip/design_1_blk_mem_gen_0_0/design_1_blk_mem_gen_0_0/design_1_blk_mem_gen_0_0_in_context.xdc] for cell 'design_1_i/blk_mem_gen_0'
Finished Parsing XDC File [f:/Vivado/2023_pl_new/2023_step2_by_ygw/2023_step2_by_ygw.srcs/sources_1/bd/design_1/ip/design_1_blk_mem_gen_0_0/design_1_blk_mem_gen_0_0/design_1_blk_mem_gen_0_0_in_context.xdc] for cell 'design_1_i/blk_mem_gen_0'
Parsing XDC File [f:/Vivado/2023_pl_new/2023_step2_by_ygw/2023_step2_by_ygw.srcs/sources_1/bd/design_1/ip/design_1_rst_ps7_0_100M_1/design_1_rst_ps7_0_100M_1/design_1_rst_ps7_0_100M_1_in_context.xdc] for cell 'design_1_i/rst_ps7_0_60M'
Finished Parsing XDC File [f:/Vivado/2023_pl_new/2023_step2_by_ygw/2023_step2_by_ygw.srcs/sources_1/bd/design_1/ip/design_1_rst_ps7_0_100M_1/design_1_rst_ps7_0_100M_1/design_1_rst_ps7_0_100M_1_in_context.xdc] for cell 'design_1_i/rst_ps7_0_60M'
Parsing XDC File [f:/Vivado/2023_pl_new/2023_step2_by_ygw/2023_step2_by_ygw.srcs/sources_1/bd/design_1/ip/design_1_axi_smc_1/design_1_axi_smc_1/design_1_axi_smc_1_in_context.xdc] for cell 'design_1_i/axi_smc'
Finished Parsing XDC File [f:/Vivado/2023_pl_new/2023_step2_by_ygw/2023_step2_by_ygw.srcs/sources_1/bd/design_1/ip/design_1_axi_smc_1/design_1_axi_smc_1/design_1_axi_smc_1_in_context.xdc] for cell 'design_1_i/axi_smc'
Parsing XDC File [f:/Vivado/2023_pl_new/2023_step2_by_ygw/2023_step2_by_ygw.srcs/sources_1/bd/design_1/ip/design_1_ddc_stage1_pl2_top_0_0/design_1_ddc_stage1_pl2_top_0_0/design_1_ddc_stage1_pl2_top_0_0_in_context.xdc] for cell 'design_1_i/ddc_stage1_pl2_top_0'
Finished Parsing XDC File [f:/Vivado/2023_pl_new/2023_step2_by_ygw/2023_step2_by_ygw.srcs/sources_1/bd/design_1/ip/design_1_ddc_stage1_pl2_top_0_0/design_1_ddc_stage1_pl2_top_0_0/design_1_ddc_stage1_pl2_top_0_0_in_context.xdc] for cell 'design_1_i/ddc_stage1_pl2_top_0'
Parsing XDC File [f:/Vivado/2023_pl_new/2023_step2_by_ygw/2023_step2_by_ygw.srcs/sources_1/bd/design_1/ip/design_1_ad9226_stage1_driver_0_0/design_1_ad9226_stage1_driver_0_0/design_1_ad9226_stage1_driver_0_0_in_context.xdc] for cell 'design_1_i/ad9226_stage1_driver_0'
Finished Parsing XDC File [f:/Vivado/2023_pl_new/2023_step2_by_ygw/2023_step2_by_ygw.srcs/sources_1/bd/design_1/ip/design_1_ad9226_stage1_driver_0_0/design_1_ad9226_stage1_driver_0_0/design_1_ad9226_stage1_driver_0_0_in_context.xdc] for cell 'design_1_i/ad9226_stage1_driver_0'
Parsing XDC File [f:/Vivado/2023_pl_new/2023_step2_by_ygw/2023_step2_by_ygw.srcs/sources_1/bd/design_1/ip/design_1_clk_wiz_0_0/design_1_clk_wiz_0_0/design_1_clk_wiz_0_0_in_context.xdc] for cell 'design_1_i/clk_wiz_0'
Finished Parsing XDC File [f:/Vivado/2023_pl_new/2023_step2_by_ygw/2023_step2_by_ygw.srcs/sources_1/bd/design_1/ip/design_1_clk_wiz_0_0/design_1_clk_wiz_0_0/design_1_clk_wiz_0_0_in_context.xdc] for cell 'design_1_i/clk_wiz_0'
Parsing XDC File [f:/Vivado/2023_pl_new/2023_step2_by_ygw/2023_step2_by_ygw.srcs/sources_1/bd/design_1/ip/design_1_util_vector_logic_0_0/design_1_util_vector_logic_0_0/design_1_util_vector_logic_0_0_in_context.xdc] for cell 'design_1_i/util_vector_logic_0'
Finished Parsing XDC File [f:/Vivado/2023_pl_new/2023_step2_by_ygw/2023_step2_by_ygw.srcs/sources_1/bd/design_1/ip/design_1_util_vector_logic_0_0/design_1_util_vector_logic_0_0/design_1_util_vector_logic_0_0_in_context.xdc] for cell 'design_1_i/util_vector_logic_0'
Parsing XDC File [f:/Vivado/2023_pl_new/2023_step2_by_ygw/2023_step2_by_ygw.srcs/sources_1/bd/design_1/ip/design_1_util_vector_logic_0_1/design_1_util_vector_logic_0_1/design_1_util_vector_logic_0_0_in_context.xdc] for cell 'design_1_i/util_vector_logic_1'
Finished Parsing XDC File [f:/Vivado/2023_pl_new/2023_step2_by_ygw/2023_step2_by_ygw.srcs/sources_1/bd/design_1/ip/design_1_util_vector_logic_0_1/design_1_util_vector_logic_0_1/design_1_util_vector_logic_0_0_in_context.xdc] for cell 'design_1_i/util_vector_logic_1'
Parsing XDC File [f:/Vivado/2023_pl_new/2023_step2_by_ygw/2023_step2_by_ygw.srcs/sources_1/bd/design_1/ip/design_1_proc_sys_reset_0_1/design_1_proc_sys_reset_0_1/design_1_rst_ps7_0_100M_1_in_context.xdc] for cell 'design_1_i/rst_sample_60M'
Finished Parsing XDC File [f:/Vivado/2023_pl_new/2023_step2_by_ygw/2023_step2_by_ygw.srcs/sources_1/bd/design_1/ip/design_1_proc_sys_reset_0_1/design_1_proc_sys_reset_0_1/design_1_rst_ps7_0_100M_1_in_context.xdc] for cell 'design_1_i/rst_sample_60M'
Parsing XDC File [f:/Vivado/2023_pl_new/2023_step2_by_ygw/2023_step2_by_ygw.srcs/sources_1/bd/design_1/ip/design_1_demod_pool_core_bpsk_0_0/design_1_demod_pool_core_bpsk_0_0/design_1_demod_pool_core_bpsk_0_0_in_context.xdc] for cell 'design_1_i/demod_pool_core_bpsk_0'
Finished Parsing XDC File [f:/Vivado/2023_pl_new/2023_step2_by_ygw/2023_step2_by_ygw.srcs/sources_1/bd/design_1/ip/design_1_demod_pool_core_bpsk_0_0/design_1_demod_pool_core_bpsk_0_0/design_1_demod_pool_core_bpsk_0_0_in_context.xdc] for cell 'design_1_i/demod_pool_core_bpsk_0'
Parsing XDC File [f:/Vivado/2023_pl_new/2023_step2_by_ygw/2023_step2_by_ygw.srcs/sources_1/bd/design_1/ip/design_1_ila_bpsk_0_0/design_1_ila_bpsk_0_0/design_1_ila_bpsk_0_0_in_context.xdc] for cell 'design_1_i/ila_bpsk_0'
Finished Parsing XDC File [f:/Vivado/2023_pl_new/2023_step2_by_ygw/2023_step2_by_ygw.srcs/sources_1/bd/design_1/ip/design_1_ila_bpsk_0_0/design_1_ila_bpsk_0_0/design_1_ila_bpsk_0_0_in_context.xdc] for cell 'design_1_i/ila_bpsk_0'
Parsing XDC File [F:/Vivado/ad9226_60m_io.xdc]
WARNING: [Vivado 12-584] No ports matched 'adc_db_0[11]'. [F:/Vivado/ad9226_60m_io.xdc:28]
WARNING: [Vivado 12-584] No ports matched 'adc_db_0[10]'. [F:/Vivado/ad9226_60m_io.xdc:29]
WARNING: [Vivado 12-584] No ports matched 'adc_db_0[9]'. [F:/Vivado/ad9226_60m_io.xdc:30]
WARNING: [Vivado 12-584] No ports matched 'adc_db_0[8]'. [F:/Vivado/ad9226_60m_io.xdc:31]
WARNING: [Vivado 12-584] No ports matched 'adc_db_0[7]'. [F:/Vivado/ad9226_60m_io.xdc:32]
WARNING: [Vivado 12-584] No ports matched 'adc_db_0[6]'. [F:/Vivado/ad9226_60m_io.xdc:33]
WARNING: [Vivado 12-584] No ports matched 'adc_db_0[5]'. [F:/Vivado/ad9226_60m_io.xdc:34]
WARNING: [Vivado 12-584] No ports matched 'adc_db_0[4]'. [F:/Vivado/ad9226_60m_io.xdc:35]
WARNING: [Vivado 12-584] No ports matched 'adc_db_0[3]'. [F:/Vivado/ad9226_60m_io.xdc:36]
WARNING: [Vivado 12-584] No ports matched 'adc_db_0[2]'. [F:/Vivado/ad9226_60m_io.xdc:37]
WARNING: [Vivado 12-584] No ports matched 'adc_db_0[1]'. [F:/Vivado/ad9226_60m_io.xdc:38]
WARNING: [Vivado 12-584] No ports matched 'adc_db_0[0]'. [F:/Vivado/ad9226_60m_io.xdc:39]
WARNING: [Vivado 12-584] No ports matched 'adc_otr_0'. [F:/Vivado/ad9226_60m_io.xdc:41]
WARNING: [Vivado 12-584] No ports matched 'adc_db_0[*]'. [F:/Vivado/ad9226_60m_io.xdc:48]
WARNING: [Vivado 12-584] No ports matched 'adc_otr_0'. [F:/Vivado/ad9226_60m_io.xdc:49]
WARNING: [Vivado 12-508] No pins matched 'get_pins -hierarchical -filter {NAME =~ *ad9226_stage1_driver_0*u_oddr_ad_clk/C}'. [F:/Vivado/ad9226_60m_io.xdc:67]
WARNING: [Vivado 12-627] No clocks matched 'adc_clk_fwd'. [F:/Vivado/ad9226_60m_io.xdc:85]
INFO: [Vivado 12-626] No clocks found. Please use 'create_clock' or 'create_generated_clock' command to create clocks. [F:/Vivado/ad9226_60m_io.xdc:85]
WARNING: [Vivado 12-584] No ports matched 'adc_db_0[*]'. [F:/Vivado/ad9226_60m_io.xdc:85]
WARNING: [Vivado 12-584] No ports matched 'adc_otr_0'. [F:/Vivado/ad9226_60m_io.xdc:85]
WARNING: [Vivado 12-627] No clocks matched 'adc_clk_fwd'. [F:/Vivado/ad9226_60m_io.xdc:90]
INFO: [Vivado 12-626] No clocks found. Please use 'create_clock' or 'create_generated_clock' command to create clocks. [F:/Vivado/ad9226_60m_io.xdc:90]
WARNING: [Vivado 12-584] No ports matched 'adc_db_0[*]'. [F:/Vivado/ad9226_60m_io.xdc:90]
WARNING: [Vivado 12-584] No ports matched 'adc_otr_0'. [F:/Vivado/ad9226_60m_io.xdc:90]
Finished Parsing XDC File [F:/Vivado/ad9226_60m_io.xdc]
WARNING: [Project 1-498] One or more constraints failed evaluation while reading constraint file [F:/Vivado/ad9226_60m_io.xdc] and the design contains unresolved black boxes. These constraints will be read post-synthesis (as long as their source constraint file is marked as used_in_implementation) and should be applied correctly then. You should review the constraints listed in the file [.Xil/design_1_wrapper_propImpl.xdc] and check the run log file to verify that these constraints were correctly applied.
INFO: [Project 1-236] Implementation specific constraints were found while reading constraint file [F:/Vivado/ad9226_60m_io.xdc]. These constraints will be ignored for synthesis but will be used in implementation. Impacted constraints are listed in the file [.Xil/design_1_wrapper_propImpl.xdc].
Resolution: To avoid this warning, move constraints listed in [.Xil/design_1_wrapper_propImpl.xdc] to another XDC file and exclude this new file from synthesis with the used_in_synthesis property (File Properties dialog in GUI) and re-run elaboration/synthesis.
Parsing XDC File [F:/Vivado/2023_pl_new/2023_step2_by_ygw/2023_step2_by_ygw.runs/synth_1/dont_touch.xdc]
Finished Parsing XDC File [F:/Vivado/2023_pl_new/2023_step2_by_ygw/2023_step2_by_ygw.runs/synth_1/dont_touch.xdc]
Netlist sorting complete. Time (s): cpu = 00:00:00 ; elapsed = 00:00:00 . Memory (MB): peak = 878.656 ; gain = 0.000
Completed Processing XDC Constraints

Netlist sorting complete. Time (s): cpu = 00:00:00 ; elapsed = 00:00:00 . Memory (MB): peak = 878.656 ; gain = 0.000
INFO: [Project 1-111] Unisim Transformation Summary:
No Unisim elements were transformed.

Netlist sorting complete. Time (s): cpu = 00:00:00 ; elapsed = 00:00:00 . Memory (MB): peak = 878.656 ; gain = 0.000
Constraint Validation Runtime : Time (s): cpu = 00:00:00 ; elapsed = 00:00:00.006 . Memory (MB): peak = 878.656 ; gain = 0.000
WARNING: [Timing 38-316] Clock period '20.000' specified during out-of-context synthesis of instance 'design_1_i/blk_mem_gen_0' at clock pin 'clka' is different from the actual clock period '16.667', this can lead to different synthesis results.
---------------------------------------------------------------------------------
Finished Constraint Validation : Time (s): cpu = 00:00:06 ; elapsed = 00:00:08 . Memory (MB): peak = 878.656 ; gain = 464.109
---------------------------------------------------------------------------------
---------------------------------------------------------------------------------
Start Loading Part and Timing Information
---------------------------------------------------------------------------------
Loading part: xc7z020clg400-2
---------------------------------------------------------------------------------
Finished Loading Part and Timing Information : Time (s): cpu = 00:00:06 ; elapsed = 00:00:08 . Memory (MB): peak = 878.656 ; gain = 464.109
---------------------------------------------------------------------------------
---------------------------------------------------------------------------------
Start Applying 'set_property' XDC Constraints
---------------------------------------------------------------------------------
Applied set_property IO_BUFFER_TYPE = NONE for DDR_addr[0]. (constraint file  f:/Vivado/2023_pl_new/2023_step2_by_ygw/2023_step2_by_ygw.srcs/sources_1/bd/design_1/ip/design_1_processing_system7_0_0/design_1_processing_system7_0_0/design_1_processing_system7_0_0_in_context.xdc, line 2).
Applied set_property CLOCK_BUFFER_TYPE = NONE for DDR_addr[0]. (constraint file  f:/Vivado/2023_pl_new/2023_step2_by_ygw/2023_step2_by_ygw.srcs/sources_1/bd/design_1/ip/design_1_processing_system7_0_0/design_1_processing_system7_0_0/design_1_processing_system7_0_0_in_context.xdc, line 3).
Applied set_property IO_BUFFER_TYPE = NONE for DDR_addr[10]. (constraint file  f:/Vivado/2023_pl_new/2023_step2_by_ygw/2023_step2_by_ygw.srcs/sources_1/bd/design_1/ip/design_1_processing_system7_0_0/design_1_processing_system7_0_0/design_1_processing_system7_0_0_in_context.xdc, line 4).
Applied set_property CLOCK_BUFFER_TYPE = NONE for DDR_addr[10]. (constraint file  f:/Vivado/2023_pl_new/2023_step2_by_ygw/2023_step2_by_ygw.srcs/sources_1/bd/design_1/ip/design_1_processing_system7_0_0/design_1_processing_system7_0_0/design_1_processing_system7_0_0_in_context.xdc, line 5).
Applied set_property IO_BUFFER_TYPE = NONE for DDR_addr[11]. (constraint file  f:/Vivado/2023_pl_new/2023_step2_by_ygw/2023_step2_by_ygw.srcs/sources_1/bd/design_1/ip/design_1_processing_system7_0_0/design_1_processing_system7_0_0/design_1_processing_system7_0_0_in_context.xdc, line 6).
Applied set_property CLOCK_BUFFER_TYPE = NONE for DDR_addr[11]. (constraint file  f:/Vivado/2023_pl_new/2023_step2_by_ygw/2023_step2_by_ygw.srcs/sources_1/bd/design_1/ip/design_1_processing_system7_0_0/design_1_processing_system7_0_0/design_1_processing_system7_0_0_in_context.xdc, line 7).
Applied set_property IO_BUFFER_TYPE = NONE for DDR_addr[12]. (constraint file  f:/Vivado/2023_pl_new/2023_step2_by_ygw/2023_step2_by_ygw.srcs/sources_1/bd/design_1/ip/design_1_processing_system7_0_0/design_1_processing_system7_0_0/design_1_processing_system7_0_0_in_context.xdc, line 8).
Applied set_property CLOCK_BUFFER_TYPE = NONE for DDR_addr[12]. (constraint file  f:/Vivado/2023_pl_new/2023_step2_by_ygw/2023_step2_by_ygw.srcs/sources_1/bd/design_1/ip/design_1_processing_system7_0_0/design_1_processing_system7_0_0/design_1_processing_system7_0_0_in_context.xdc, line 9).
Applied set_property IO_BUFFER_TYPE = NONE for DDR_addr[13]. (constraint file  f:/Vivado/2023_pl_new/2023_step2_by_ygw/2023_step2_by_ygw.srcs/sources_1/bd/design_1/ip/design_1_processing_system7_0_0/design_1_processing_system7_0_0/design_1_processing_system7_0_0_in_context.xdc, line 10).
Applied set_property CLOCK_BUFFER_TYPE = NONE for DDR_addr[13]. (constraint file  f:/Vivado/2023_pl_new/2023_step2_by_ygw/2023_step2_by_ygw.srcs/sources_1/bd/design_1/ip/design_1_processing_system7_0_0/design_1_processing_system7_0_0/design_1_processing_system7_0_0_in_context.xdc, line 11).
Applied set_property IO_BUFFER_TYPE = NONE for DDR_addr[14]. (constraint file  f:/Vivado/2023_pl_new/2023_step2_by_ygw/2023_step2_by_ygw.srcs/sources_1/bd/design_1/ip/design_1_processing_system7_0_0/design_1_processing_system7_0_0/design_1_processing_system7_0_0_in_context.xdc, line 12).
Applied set_property CLOCK_BUFFER_TYPE = NONE for DDR_addr[14]. (constraint file  f:/Vivado/2023_pl_new/2023_step2_by_ygw/2023_step2_by_ygw.srcs/sources_1/bd/design_1/ip/design_1_processing_system7_0_0/design_1_processing_system7_0_0/design_1_processing_system7_0_0_in_context.xdc, line 13).
Applied set_property IO_BUFFER_TYPE = NONE for DDR_addr[1]. (constraint file  f:/Vivado/2023_pl_new/2023_step2_by_ygw/2023_step2_by_ygw.srcs/sources_1/bd/design_1/ip/design_1_processing_system7_0_0/design_1_processing_system7_0_0/design_1_processing_system7_0_0_in_context.xdc, line 14).
Applied set_property CLOCK_BUFFER_TYPE = NONE for DDR_addr[1]. (constraint file  f:/Vivado/2023_pl_new/2023_step2_by_ygw/2023_step2_by_ygw.srcs/sources_1/bd/design_1/ip/design_1_processing_system7_0_0/design_1_processing_system7_0_0/design_1_processing_system7_0_0_in_context.xdc, line 15).
Applied set_property IO_BUFFER_TYPE = NONE for DDR_addr[2]. (constraint file  f:/Vivado/2023_pl_new/2023_step2_by_ygw/2023_step2_by_ygw.srcs/sources_1/bd/design_1/ip/design_1_processing_system7_0_0/design_1_processing_system7_0_0/design_1_processing_system7_0_0_in_context.xdc, line 16).
Applied set_property CLOCK_BUFFER_TYPE = NONE for DDR_addr[2]. (constraint file  f:/Vivado/2023_pl_new/2023_step2_by_ygw/2023_step2_by_ygw.srcs/sources_1/bd/design_1/ip/design_1_processing_system7_0_0/design_1_processing_system7_0_0/design_1_processing_system7_0_0_in_context.xdc, line 17).
Applied set_property IO_BUFFER_TYPE = NONE for DDR_addr[3]. (constraint file  f:/Vivado/2023_pl_new/2023_step2_by_ygw/2023_step2_by_ygw.srcs/sources_1/bd/design_1/ip/design_1_processing_system7_0_0/design_1_processing_system7_0_0/design_1_processing_system7_0_0_in_context.xdc, line 18).
Applied set_property CLOCK_BUFFER_TYPE = NONE for DDR_addr[3]. (constraint file  f:/Vivado/2023_pl_new/2023_step2_by_ygw/2023_step2_by_ygw.srcs/sources_1/bd/design_1/ip/design_1_processing_system7_0_0/design_1_processing_system7_0_0/design_1_processing_system7_0_0_in_context.xdc, line 19).
Applied set_property IO_BUFFER_TYPE = NONE for DDR_addr[4]. (constraint file  f:/Vivado/2023_pl_new/2023_step2_by_ygw/2023_step2_by_ygw.srcs/sources_1/bd/design_1/ip/design_1_processing_system7_0_0/design_1_processing_system7_0_0/design_1_processing_system7_0_0_in_context.xdc, line 20).
Applied set_property CLOCK_BUFFER_TYPE = NONE for DDR_addr[4]. (constraint file  f:/Vivado/2023_pl_new/2023_step2_by_ygw/2023_step2_by_ygw.srcs/sources_1/bd/design_1/ip/design_1_processing_system7_0_0/design_1_processing_system7_0_0/design_1_processing_system7_0_0_in_context.xdc, line 21).
Applied set_property IO_BUFFER_TYPE = NONE for DDR_addr[5]. (constraint file  f:/Vivado/2023_pl_new/2023_step2_by_ygw/2023_step2_by_ygw.srcs/sources_1/bd/design_1/ip/design_1_processing_system7_0_0/design_1_processing_system7_0_0/design_1_processing_system7_0_0_in_context.xdc, line 22).
Applied set_property CLOCK_BUFFER_TYPE = NONE for DDR_addr[5]. (constraint file  f:/Vivado/2023_pl_new/2023_step2_by_ygw/2023_step2_by_ygw.srcs/sources_1/bd/design_1/ip/design_1_processing_system7_0_0/design_1_processing_system7_0_0/design_1_processing_system7_0_0_in_context.xdc, line 23).
Applied set_property IO_BUFFER_TYPE = NONE for DDR_addr[6]. (constraint file  f:/Vivado/2023_pl_new/2023_step2_by_ygw/2023_step2_by_ygw.srcs/sources_1/bd/design_1/ip/design_1_processing_system7_0_0/design_1_processing_system7_0_0/design_1_processing_system7_0_0_in_context.xdc, line 24).
Applied set_property CLOCK_BUFFER_TYPE = NONE for DDR_addr[6]. (constraint file  f:/Vivado/2023_pl_new/2023_step2_by_ygw/2023_step2_by_ygw.srcs/sources_1/bd/design_1/ip/design_1_processing_system7_0_0/design_1_processing_system7_0_0/design_1_processing_system7_0_0_in_context.xdc, line 25).
Applied set_property IO_BUFFER_TYPE = NONE for DDR_addr[7]. (constraint file  f:/Vivado/2023_pl_new/2023_step2_by_ygw/2023_step2_by_ygw.srcs/sources_1/bd/design_1/ip/design_1_processing_system7_0_0/design_1_processing_system7_0_0/design_1_processing_system7_0_0_in_context.xdc, line 26).
Applied set_property CLOCK_BUFFER_TYPE = NONE for DDR_addr[7]. (constraint file  f:/Vivado/2023_pl_new/2023_step2_by_ygw/2023_step2_by_ygw.srcs/sources_1/bd/design_1/ip/design_1_processing_system7_0_0/design_1_processing_system7_0_0/design_1_processing_system7_0_0_in_context.xdc, line 27).
Applied set_property IO_BUFFER_TYPE = NONE for DDR_addr[8]. (constraint file  f:/Vivado/2023_pl_new/2023_step2_by_ygw/2023_step2_by_ygw.srcs/sources_1/bd/design_1/ip/design_1_processing_system7_0_0/design_1_processing_system7_0_0/design_1_processing_system7_0_0_in_context.xdc, line 28).
Applied set_property CLOCK_BUFFER_TYPE = NONE for DDR_addr[8]. (constraint file  f:/Vivado/2023_pl_new/2023_step2_by_ygw/2023_step2_by_ygw.srcs/sources_1/bd/design_1/ip/design_1_processing_system7_0_0/design_1_processing_system7_0_0/design_1_processing_system7_0_0_in_context.xdc, line 29).
Applied set_property IO_BUFFER_TYPE = NONE for DDR_addr[9]. (constraint file  f:/Vivado/2023_pl_new/2023_step2_by_ygw/2023_step2_by_ygw.srcs/sources_1/bd/design_1/ip/design_1_processing_system7_0_0/design_1_processing_system7_0_0/design_1_processing_system7_0_0_in_context.xdc, line 30).
Applied set_property CLOCK_BUFFER_TYPE = NONE for DDR_addr[9]. (constraint file  f:/Vivado/2023_pl_new/2023_step2_by_ygw/2023_step2_by_ygw.srcs/sources_1/bd/design_1/ip/design_1_processing_system7_0_0/design_1_processing_system7_0_0/design_1_processing_system7_0_0_in_context.xdc, line 31).
Applied set_property IO_BUFFER_TYPE = NONE for DDR_ba[0]. (constraint file  f:/Vivado/2023_pl_new/2023_step2_by_ygw/2023_step2_by_ygw.srcs/sources_1/bd/design_1/ip/design_1_processing_system7_0_0/design_1_processing_system7_0_0/design_1_processing_system7_0_0_in_context.xdc, line 32).
Applied set_property CLOCK_BUFFER_TYPE = NONE for DDR_ba[0]. (constraint file  f:/Vivado/2023_pl_new/2023_step2_by_ygw/2023_step2_by_ygw.srcs/sources_1/bd/design_1/ip/design_1_processing_system7_0_0/design_1_processing_system7_0_0/design_1_processing_system7_0_0_in_context.xdc, line 33).
Applied set_property IO_BUFFER_TYPE = NONE for DDR_ba[1]. (constraint file  f:/Vivado/2023_pl_new/2023_step2_by_ygw/2023_step2_by_ygw.srcs/sources_1/bd/design_1/ip/design_1_processing_system7_0_0/design_1_processing_system7_0_0/design_1_processing_system7_0_0_in_context.xdc, line 34).
Applied set_property CLOCK_BUFFER_TYPE = NONE for DDR_ba[1]. (constraint file  f:/Vivado/2023_pl_new/2023_step2_by_ygw/2023_step2_by_ygw.srcs/sources_1/bd/design_1/ip/design_1_processing_system7_0_0/design_1_processing_system7_0_0/design_1_processing_system7_0_0_in_context.xdc, line 35).
Applied set_property IO_BUFFER_TYPE = NONE for DDR_ba[2]. (constraint file  f:/Vivado/2023_pl_new/2023_step2_by_ygw/2023_step2_by_ygw.srcs/sources_1/bd/design_1/ip/design_1_processing_system7_0_0/design_1_processing_system7_0_0/design_1_processing_system7_0_0_in_context.xdc, line 36).
Applied set_property CLOCK_BUFFER_TYPE = NONE for DDR_ba[2]. (constraint file  f:/Vivado/2023_pl_new/2023_step2_by_ygw/2023_step2_by_ygw.srcs/sources_1/bd/design_1/ip/design_1_processing_system7_0_0/design_1_processing_system7_0_0/design_1_processing_system7_0_0_in_context.xdc, line 37).
Applied set_property IO_BUFFER_TYPE = NONE for DDR_cas_n. (constraint file  f:/Vivado/2023_pl_new/2023_step2_by_ygw/2023_step2_by_ygw.srcs/sources_1/bd/design_1/ip/design_1_processing_system7_0_0/design_1_processing_system7_0_0/design_1_processing_system7_0_0_in_context.xdc, line 38).
Applied set_property CLOCK_BUFFER_TYPE = NONE for DDR_cas_n. (constraint file  f:/Vivado/2023_pl_new/2023_step2_by_ygw/2023_step2_by_ygw.srcs/sources_1/bd/design_1/ip/design_1_processing_system7_0_0/design_1_processing_system7_0_0/design_1_processing_system7_0_0_in_context.xdc, line 39).
Applied set_property IO_BUFFER_TYPE = NONE for DDR_cke. (constraint file  f:/Vivado/2023_pl_new/2023_step2_by_ygw/2023_step2_by_ygw.srcs/sources_1/bd/design_1/ip/design_1_processing_system7_0_0/design_1_processing_system7_0_0/design_1_processing_system7_0_0_in_context.xdc, line 40).
Applied set_property CLOCK_BUFFER_TYPE = NONE for DDR_cke. (constraint file  f:/Vivado/2023_pl_new/2023_step2_by_ygw/2023_step2_by_ygw.srcs/sources_1/bd/design_1/ip/design_1_processing_system7_0_0/design_1_processing_system7_0_0/design_1_processing_system7_0_0_in_context.xdc, line 41).
Applied set_property IO_BUFFER_TYPE = NONE for DDR_cs_n. (constraint file  f:/Vivado/2023_pl_new/2023_step2_by_ygw/2023_step2_by_ygw.srcs/sources_1/bd/design_1/ip/design_1_processing_system7_0_0/design_1_processing_system7_0_0/design_1_processing_system7_0_0_in_context.xdc, line 42).
Applied set_property CLOCK_BUFFER_TYPE = NONE for DDR_cs_n. (constraint file  f:/Vivado/2023_pl_new/2023_step2_by_ygw/2023_step2_by_ygw.srcs/sources_1/bd/design_1/ip/design_1_processing_system7_0_0/design_1_processing_system7_0_0/design_1_processing_system7_0_0_in_context.xdc, line 43).
Applied set_property IO_BUFFER_TYPE = NONE for DDR_ck_p. (constraint file  f:/Vivado/2023_pl_new/2023_step2_by_ygw/2023_step2_by_ygw.srcs/sources_1/bd/design_1/ip/design_1_processing_system7_0_0/design_1_processing_system7_0_0/design_1_processing_system7_0_0_in_context.xdc, line 44).
Applied set_property CLOCK_BUFFER_TYPE = NONE for DDR_ck_p. (constraint file  f:/Vivado/2023_pl_new/2023_step2_by_ygw/2023_step2_by_ygw.srcs/sources_1/bd/design_1/ip/design_1_processing_system7_0_0/design_1_processing_system7_0_0/design_1_processing_system7_0_0_in_context.xdc, line 45).
Applied set_property IO_BUFFER_TYPE = NONE for DDR_ck_n. (constraint file  f:/Vivado/2023_pl_new/2023_step2_by_ygw/2023_step2_by_ygw.srcs/sources_1/bd/design_1/ip/design_1_processing_system7_0_0/design_1_processing_system7_0_0/design_1_processing_system7_0_0_in_context.xdc, line 46).
Applied set_property CLOCK_BUFFER_TYPE = NONE for DDR_ck_n. (constraint file  f:/Vivado/2023_pl_new/2023_step2_by_ygw/2023_step2_by_ygw.srcs/sources_1/bd/design_1/ip/design_1_processing_system7_0_0/design_1_processing_system7_0_0/design_1_processing_system7_0_0_in_context.xdc, line 47).
Applied set_property IO_BUFFER_TYPE = NONE for DDR_dm[0]. (constraint file  f:/Vivado/2023_pl_new/2023_step2_by_ygw/2023_step2_by_ygw.srcs/sources_1/bd/design_1/ip/design_1_processing_system7_0_0/design_1_processing_system7_0_0/design_1_processing_system7_0_0_in_context.xdc, line 48).
Applied set_property CLOCK_BUFFER_TYPE = NONE for DDR_dm[0]. (constraint file  f:/Vivado/2023_pl_new/2023_step2_by_ygw/2023_step2_by_ygw.srcs/sources_1/bd/design_1/ip/design_1_processing_system7_0_0/design_1_processing_system7_0_0/design_1_processing_system7_0_0_in_context.xdc, line 49).
Applied set_property IO_BUFFER_TYPE = NONE for DDR_dm[1]. (constraint file  f:/Vivado/2023_pl_new/2023_step2_by_ygw/2023_step2_by_ygw.srcs/sources_1/bd/design_1/ip/design_1_processing_system7_0_0/design_1_processing_system7_0_0/design_1_processing_system7_0_0_in_context.xdc, line 50).
Applied set_property CLOCK_BUFFER_TYPE = NONE for DDR_dm[1]. (constraint file  f:/Vivado/2023_pl_new/2023_step2_by_ygw/2023_step2_by_ygw.srcs/sources_1/bd/design_1/ip/design_1_processing_system7_0_0/design_1_processing_system7_0_0/design_1_processing_system7_0_0_in_context.xdc, line 51).
Applied set_property IO_BUFFER_TYPE = NONE for DDR_dm[2]. (constraint file  f:/Vivado/2023_pl_new/2023_step2_by_ygw/2023_step2_by_ygw.srcs/sources_1/bd/design_1/ip/design_1_processing_system7_0_0/design_1_processing_system7_0_0/design_1_processing_system7_0_0_in_context.xdc, line 52).
Applied set_property CLOCK_BUFFER_TYPE = NONE for DDR_dm[2]. (constraint file  f:/Vivado/2023_pl_new/2023_step2_by_ygw/2023_step2_by_ygw.srcs/sources_1/bd/design_1/ip/design_1_processing_system7_0_0/design_1_processing_system7_0_0/design_1_processing_system7_0_0_in_context.xdc, line 53).
Applied set_property IO_BUFFER_TYPE = NONE for DDR_dm[3]. (constraint file  f:/Vivado/2023_pl_new/2023_step2_by_ygw/2023_step2_by_ygw.srcs/sources_1/bd/design_1/ip/design_1_processing_system7_0_0/design_1_processing_system7_0_0/design_1_processing_system7_0_0_in_context.xdc, line 54).
Applied set_property CLOCK_BUFFER_TYPE = NONE for DDR_dm[3]. (constraint file  f:/Vivado/2023_pl_new/2023_step2_by_ygw/2023_step2_by_ygw.srcs/sources_1/bd/design_1/ip/design_1_processing_system7_0_0/design_1_processing_system7_0_0/design_1_processing_system7_0_0_in_context.xdc, line 55).
Applied set_property IO_BUFFER_TYPE = NONE for DDR_dqs_p[0]. (constraint file  f:/Vivado/2023_pl_new/2023_step2_by_ygw/2023_step2_by_ygw.srcs/sources_1/bd/design_1/ip/design_1_processing_system7_0_0/design_1_processing_system7_0_0/design_1_processing_system7_0_0_in_context.xdc, line 56).
Applied set_property CLOCK_BUFFER_TYPE = NONE for DDR_dqs_p[0]. (constraint file  f:/Vivado/2023_pl_new/2023_step2_by_ygw/2023_step2_by_ygw.srcs/sources_1/bd/design_1/ip/design_1_processing_system7_0_0/design_1_processing_system7_0_0/design_1_processing_system7_0_0_in_context.xdc, line 57).
Applied set_property IO_BUFFER_TYPE = NONE for DDR_dqs_p[1]. (constraint file  f:/Vivado/2023_pl_new/2023_step2_by_ygw/2023_step2_by_ygw.srcs/sources_1/bd/design_1/ip/design_1_processing_system7_0_0/design_1_processing_system7_0_0/design_1_processing_system7_0_0_in_context.xdc, line 58).
Applied set_property CLOCK_BUFFER_TYPE = NONE for DDR_dqs_p[1]. (constraint file  f:/Vivado/2023_pl_new/2023_step2_by_ygw/2023_step2_by_ygw.srcs/sources_1/bd/design_1/ip/design_1_processing_system7_0_0/design_1_processing_system7_0_0/design_1_processing_system7_0_0_in_context.xdc, line 59).
Applied set_property IO_BUFFER_TYPE = NONE for DDR_dqs_p[2]. (constraint file  f:/Vivado/2023_pl_new/2023_step2_by_ygw/2023_step2_by_ygw.srcs/sources_1/bd/design_1/ip/design_1_processing_system7_0_0/design_1_processing_system7_0_0/design_1_processing_system7_0_0_in_context.xdc, line 60).
Applied set_property CLOCK_BUFFER_TYPE = NONE for DDR_dqs_p[2]. (constraint file  f:/Vivado/2023_pl_new/2023_step2_by_ygw/2023_step2_by_ygw.srcs/sources_1/bd/design_1/ip/design_1_processing_system7_0_0/design_1_processing_system7_0_0/design_1_processing_system7_0_0_in_context.xdc, line 61).
Applied set_property IO_BUFFER_TYPE = NONE for DDR_dqs_p[3]. (constraint file  f:/Vivado/2023_pl_new/2023_step2_by_ygw/2023_step2_by_ygw.srcs/sources_1/bd/design_1/ip/design_1_processing_system7_0_0/design_1_processing_system7_0_0/design_1_processing_system7_0_0_in_context.xdc, line 62).
Applied set_property CLOCK_BUFFER_TYPE = NONE for DDR_dqs_p[3]. (constraint file  f:/Vivado/2023_pl_new/2023_step2_by_ygw/2023_step2_by_ygw.srcs/sources_1/bd/design_1/ip/design_1_processing_system7_0_0/design_1_processing_system7_0_0/design_1_processing_system7_0_0_in_context.xdc, line 63).
Applied set_property IO_BUFFER_TYPE = NONE for DDR_dqs_n[0]. (constraint file  f:/Vivado/2023_pl_new/2023_step2_by_ygw/2023_step2_by_ygw.srcs/sources_1/bd/design_1/ip/design_1_processing_system7_0_0/design_1_processing_system7_0_0/design_1_processing_system7_0_0_in_context.xdc, line 64).
Applied set_property CLOCK_BUFFER_TYPE = NONE for DDR_dqs_n[0]. (constraint file  f:/Vivado/2023_pl_new/2023_step2_by_ygw/2023_step2_by_ygw.srcs/sources_1/bd/design_1/ip/design_1_processing_system7_0_0/design_1_processing_system7_0_0/design_1_processing_system7_0_0_in_context.xdc, line 65).
Applied set_property IO_BUFFER_TYPE = NONE for DDR_dqs_n[1]. (constraint file  f:/Vivado/2023_pl_new/2023_step2_by_ygw/2023_step2_by_ygw.srcs/sources_1/bd/design_1/ip/design_1_processing_system7_0_0/design_1_processing_system7_0_0/design_1_processing_system7_0_0_in_context.xdc, line 66).
Applied set_property CLOCK_BUFFER_TYPE = NONE for DDR_dqs_n[1]. (constraint file  f:/Vivado/2023_pl_new/2023_step2_by_ygw/2023_step2_by_ygw.srcs/sources_1/bd/design_1/ip/design_1_processing_system7_0_0/design_1_processing_system7_0_0/design_1_processing_system7_0_0_in_context.xdc, line 67).
Applied set_property IO_BUFFER_TYPE = NONE for DDR_dqs_n[2]. (constraint file  f:/Vivado/2023_pl_new/2023_step2_by_ygw/2023_step2_by_ygw.srcs/sources_1/bd/design_1/ip/design_1_processing_system7_0_0/design_1_processing_system7_0_0/design_1_processing_system7_0_0_in_context.xdc, line 68).
Applied set_property CLOCK_BUFFER_TYPE = NONE for DDR_dqs_n[2]. (constraint file  f:/Vivado/2023_pl_new/2023_step2_by_ygw/2023_step2_by_ygw.srcs/sources_1/bd/design_1/ip/design_1_processing_system7_0_0/design_1_processing_system7_0_0/design_1_processing_system7_0_0_in_context.xdc, line 69).
Applied set_property IO_BUFFER_TYPE = NONE for DDR_dqs_n[3]. (constraint file  f:/Vivado/2023_pl_new/2023_step2_by_ygw/2023_step2_by_ygw.srcs/sources_1/bd/design_1/ip/design_1_processing_system7_0_0/design_1_processing_system7_0_0/design_1_processing_system7_0_0_in_context.xdc, line 70).
Applied set_property CLOCK_BUFFER_TYPE = NONE for DDR_dqs_n[3]. (constraint file  f:/Vivado/2023_pl_new/2023_step2_by_ygw/2023_step2_by_ygw.srcs/sources_1/bd/design_1/ip/design_1_processing_system7_0_0/design_1_processing_system7_0_0/design_1_processing_system7_0_0_in_context.xdc, line 71).
Applied set_property IO_BUFFER_TYPE = NONE for DDR_dq[0]. (constraint file  f:/Vivado/2023_pl_new/2023_step2_by_ygw/2023_step2_by_ygw.srcs/sources_1/bd/design_1/ip/design_1_processing_system7_0_0/design_1_processing_system7_0_0/design_1_processing_system7_0_0_in_context.xdc, line 72).
Applied set_property CLOCK_BUFFER_TYPE = NONE for DDR_dq[0]. (constraint file  f:/Vivado/2023_pl_new/2023_step2_by_ygw/2023_step2_by_ygw.srcs/sources_1/bd/design_1/ip/design_1_processing_system7_0_0/design_1_processing_system7_0_0/design_1_processing_system7_0_0_in_context.xdc, line 73).
Applied set_property IO_BUFFER_TYPE = NONE for DDR_dq[10]. (constraint file  f:/Vivado/2023_pl_new/2023_step2_by_ygw/2023_step2_by_ygw.srcs/sources_1/bd/design_1/ip/design_1_processing_system7_0_0/design_1_processing_system7_0_0/design_1_processing_system7_0_0_in_context.xdc, line 74).
Applied set_property CLOCK_BUFFER_TYPE = NONE for DDR_dq[10]. (constraint file  f:/Vivado/2023_pl_new/2023_step2_by_ygw/2023_step2_by_ygw.srcs/sources_1/bd/design_1/ip/design_1_processing_system7_0_0/design_1_processing_system7_0_0/design_1_processing_system7_0_0_in_context.xdc, line 75).
Applied set_property IO_BUFFER_TYPE = NONE for DDR_dq[11]. (constraint file  f:/Vivado/2023_pl_new/2023_step2_by_ygw/2023_step2_by_ygw.srcs/sources_1/bd/design_1/ip/design_1_processing_system7_0_0/design_1_processing_system7_0_0/design_1_processing_system7_0_0_in_context.xdc, line 76).
Applied set_property CLOCK_BUFFER_TYPE = NONE for DDR_dq[11]. (constraint file  f:/Vivado/2023_pl_new/2023_step2_by_ygw/2023_step2_by_ygw.srcs/sources_1/bd/design_1/ip/design_1_processing_system7_0_0/design_1_processing_system7_0_0/design_1_processing_system7_0_0_in_context.xdc, line 77).
Applied set_property IO_BUFFER_TYPE = NONE for DDR_dq[12]. (constraint file  f:/Vivado/2023_pl_new/2023_step2_by_ygw/2023_step2_by_ygw.srcs/sources_1/bd/design_1/ip/design_1_processing_system7_0_0/design_1_processing_system7_0_0/design_1_processing_system7_0_0_in_context.xdc, line 78).
Applied set_property CLOCK_BUFFER_TYPE = NONE for DDR_dq[12]. (constraint file  f:/Vivado/2023_pl_new/2023_step2_by_ygw/2023_step2_by_ygw.srcs/sources_1/bd/design_1/ip/design_1_processing_system7_0_0/design_1_processing_system7_0_0/design_1_processing_system7_0_0_in_context.xdc, line 79).
Applied set_property IO_BUFFER_TYPE = NONE for DDR_dq[13]. (constraint file  f:/Vivado/2023_pl_new/2023_step2_by_ygw/2023_step2_by_ygw.srcs/sources_1/bd/design_1/ip/design_1_processing_system7_0_0/design_1_processing_system7_0_0/design_1_processing_system7_0_0_in_context.xdc, line 80).
Applied set_property CLOCK_BUFFER_TYPE = NONE for DDR_dq[13]. (constraint file  f:/Vivado/2023_pl_new/2023_step2_by_ygw/2023_step2_by_ygw.srcs/sources_1/bd/design_1/ip/design_1_processing_system7_0_0/design_1_processing_system7_0_0/design_1_processing_system7_0_0_in_context.xdc, line 81).
Applied set_property IO_BUFFER_TYPE = NONE for DDR_dq[14]. (constraint file  f:/Vivado/2023_pl_new/2023_step2_by_ygw/2023_step2_by_ygw.srcs/sources_1/bd/design_1/ip/design_1_processing_system7_0_0/design_1_processing_system7_0_0/design_1_processing_system7_0_0_in_context.xdc, line 82).
Applied set_property CLOCK_BUFFER_TYPE = NONE for DDR_dq[14]. (constraint file  f:/Vivado/2023_pl_new/2023_step2_by_ygw/2023_step2_by_ygw.srcs/sources_1/bd/design_1/ip/design_1_processing_system7_0_0/design_1_processing_system7_0_0/design_1_processing_system7_0_0_in_context.xdc, line 83).
Applied set_property IO_BUFFER_TYPE = NONE for DDR_dq[15]. (constraint file  f:/Vivado/2023_pl_new/2023_step2_by_ygw/2023_step2_by_ygw.srcs/sources_1/bd/design_1/ip/design_1_processing_system7_0_0/design_1_processing_system7_0_0/design_1_processing_system7_0_0_in_context.xdc, line 84).
Applied set_property CLOCK_BUFFER_TYPE = NONE for DDR_dq[15]. (constraint file  f:/Vivado/2023_pl_new/2023_step2_by_ygw/2023_step2_by_ygw.srcs/sources_1/bd/design_1/ip/design_1_processing_system7_0_0/design_1_processing_system7_0_0/design_1_processing_system7_0_0_in_context.xdc, line 85).
Applied set_property IO_BUFFER_TYPE = NONE for DDR_dq[16]. (constraint file  f:/Vivado/2023_pl_new/2023_step2_by_ygw/2023_step2_by_ygw.srcs/sources_1/bd/design_1/ip/design_1_processing_system7_0_0/design_1_processing_system7_0_0/design_1_processing_system7_0_0_in_context.xdc, line 86).
Applied set_property CLOCK_BUFFER_TYPE = NONE for DDR_dq[16]. (constraint file  f:/Vivado/2023_pl_new/2023_step2_by_ygw/2023_step2_by_ygw.srcs/sources_1/bd/design_1/ip/design_1_processing_system7_0_0/design_1_processing_system7_0_0/design_1_processing_system7_0_0_in_context.xdc, line 87).
Applied set_property IO_BUFFER_TYPE = NONE for DDR_dq[17]. (constraint file  f:/Vivado/2023_pl_new/2023_step2_by_ygw/2023_step2_by_ygw.srcs/sources_1/bd/design_1/ip/design_1_processing_system7_0_0/design_1_processing_system7_0_0/design_1_processing_system7_0_0_in_context.xdc, line 88).
Applied set_property CLOCK_BUFFER_TYPE = NONE for DDR_dq[17]. (constraint file  f:/Vivado/2023_pl_new/2023_step2_by_ygw/2023_step2_by_ygw.srcs/sources_1/bd/design_1/ip/design_1_processing_system7_0_0/design_1_processing_system7_0_0/design_1_processing_system7_0_0_in_context.xdc, line 89).
Applied set_property IO_BUFFER_TYPE = NONE for DDR_dq[18]. (constraint file  f:/Vivado/2023_pl_new/2023_step2_by_ygw/2023_step2_by_ygw.srcs/sources_1/bd/design_1/ip/design_1_processing_system7_0_0/design_1_processing_system7_0_0/design_1_processing_system7_0_0_in_context.xdc, line 90).
Applied set_property CLOCK_BUFFER_TYPE = NONE for DDR_dq[18]. (constraint file  f:/Vivado/2023_pl_new/2023_step2_by_ygw/2023_step2_by_ygw.srcs/sources_1/bd/design_1/ip/design_1_processing_system7_0_0/design_1_processing_system7_0_0/design_1_processing_system7_0_0_in_context.xdc, line 91).
Applied set_property IO_BUFFER_TYPE = NONE for DDR_dq[19]. (constraint file  f:/Vivado/2023_pl_new/2023_step2_by_ygw/2023_step2_by_ygw.srcs/sources_1/bd/design_1/ip/design_1_processing_system7_0_0/design_1_processing_system7_0_0/design_1_processing_system7_0_0_in_context.xdc, line 92).
Applied set_property CLOCK_BUFFER_TYPE = NONE for DDR_dq[19]. (constraint file  f:/Vivado/2023_pl_new/2023_step2_by_ygw/2023_step2_by_ygw.srcs/sources_1/bd/design_1/ip/design_1_processing_system7_0_0/design_1_processing_system7_0_0/design_1_processing_system7_0_0_in_context.xdc, line 93).
Applied set_property IO_BUFFER_TYPE = NONE for DDR_dq[1]. (constraint file  f:/Vivado/2023_pl_new/2023_step2_by_ygw/2023_step2_by_ygw.srcs/sources_1/bd/design_1/ip/design_1_processing_system7_0_0/design_1_processing_system7_0_0/design_1_processing_system7_0_0_in_context.xdc, line 94).
Applied set_property CLOCK_BUFFER_TYPE = NONE for DDR_dq[1]. (constraint file  f:/Vivado/2023_pl_new/2023_step2_by_ygw/2023_step2_by_ygw.srcs/sources_1/bd/design_1/ip/design_1_processing_system7_0_0/design_1_processing_system7_0_0/design_1_processing_system7_0_0_in_context.xdc, line 95).
Applied set_property IO_BUFFER_TYPE = NONE for DDR_dq[20]. (constraint file  f:/Vivado/2023_pl_new/2023_step2_by_ygw/2023_step2_by_ygw.srcs/sources_1/bd/design_1/ip/design_1_processing_system7_0_0/design_1_processing_system7_0_0/design_1_processing_system7_0_0_in_context.xdc, line 96).
Applied set_property CLOCK_BUFFER_TYPE = NONE for DDR_dq[20]. (constraint file  f:/Vivado/2023_pl_new/2023_step2_by_ygw/2023_step2_by_ygw.srcs/sources_1/bd/design_1/ip/design_1_processing_system7_0_0/design_1_processing_system7_0_0/design_1_processing_system7_0_0_in_context.xdc, line 97).
Applied set_property IO_BUFFER_TYPE = NONE for DDR_dq[21]. (constraint file  f:/Vivado/2023_pl_new/2023_step2_by_ygw/2023_step2_by_ygw.srcs/sources_1/bd/design_1/ip/design_1_processing_system7_0_0/design_1_processing_system7_0_0/design_1_processing_system7_0_0_in_context.xdc, line 98).
Applied set_property CLOCK_BUFFER_TYPE = NONE for DDR_dq[21]. (constraint file  f:/Vivado/2023_pl_new/2023_step2_by_ygw/2023_step2_by_ygw.srcs/sources_1/bd/design_1/ip/design_1_processing_system7_0_0/design_1_processing_system7_0_0/design_1_processing_system7_0_0_in_context.xdc, line 99).
Applied set_property IO_BUFFER_TYPE = NONE for DDR_dq[22]. (constraint file  f:/Vivado/2023_pl_new/2023_step2_by_ygw/2023_step2_by_ygw.srcs/sources_1/bd/design_1/ip/design_1_processing_system7_0_0/design_1_processing_system7_0_0/design_1_processing_system7_0_0_in_context.xdc, line 100).
Applied set_property CLOCK_BUFFER_TYPE = NONE for DDR_dq[22]. (constraint file  f:/Vivado/2023_pl_new/2023_step2_by_ygw/2023_step2_by_ygw.srcs/sources_1/bd/design_1/ip/design_1_processing_system7_0_0/design_1_processing_system7_0_0/design_1_processing_system7_0_0_in_context.xdc, line 101).
Applied set_property IO_BUFFER_TYPE = NONE for DDR_dq[23]. (constraint file  f:/Vivado/2023_pl_new/2023_step2_by_ygw/2023_step2_by_ygw.srcs/sources_1/bd/design_1/ip/design_1_processing_system7_0_0/design_1_processing_system7_0_0/design_1_processing_system7_0_0_in_context.xdc, line 102).
Applied set_property CLOCK_BUFFER_TYPE = NONE for DDR_dq[23]. (constraint file  f:/Vivado/2023_pl_new/2023_step2_by_ygw/2023_step2_by_ygw.srcs/sources_1/bd/design_1/ip/design_1_processing_system7_0_0/design_1_processing_system7_0_0/design_1_processing_system7_0_0_in_context.xdc, line 103).
Applied set_property IO_BUFFER_TYPE = NONE for DDR_dq[24]. (constraint file  f:/Vivado/2023_pl_new/2023_step2_by_ygw/2023_step2_by_ygw.srcs/sources_1/bd/design_1/ip/design_1_processing_system7_0_0/design_1_processing_system7_0_0/design_1_processing_system7_0_0_in_context.xdc, line 104).
Applied set_property CLOCK_BUFFER_TYPE = NONE for DDR_dq[24]. (constraint file  f:/Vivado/2023_pl_new/2023_step2_by_ygw/2023_step2_by_ygw.srcs/sources_1/bd/design_1/ip/design_1_processing_system7_0_0/design_1_processing_system7_0_0/design_1_processing_system7_0_0_in_context.xdc, line 105).
Applied set_property IO_BUFFER_TYPE = NONE for DDR_dq[25]. (constraint file  f:/Vivado/2023_pl_new/2023_step2_by_ygw/2023_step2_by_ygw.srcs/sources_1/bd/design_1/ip/design_1_processing_system7_0_0/design_1_processing_system7_0_0/design_1_processing_system7_0_0_in_context.xdc, line 106).
Applied set_property CLOCK_BUFFER_TYPE = NONE for DDR_dq[25]. (constraint file  f:/Vivado/2023_pl_new/2023_step2_by_ygw/2023_step2_by_ygw.srcs/sources_1/bd/design_1/ip/design_1_processing_system7_0_0/design_1_processing_system7_0_0/design_1_processing_system7_0_0_in_context.xdc, line 107).
Applied set_property IO_BUFFER_TYPE = NONE for DDR_dq[26]. (constraint file  f:/Vivado/2023_pl_new/2023_step2_by_ygw/2023_step2_by_ygw.srcs/sources_1/bd/design_1/ip/design_1_processing_system7_0_0/design_1_processing_system7_0_0/design_1_processing_system7_0_0_in_context.xdc, line 108).
Applied set_property CLOCK_BUFFER_TYPE = NONE for DDR_dq[26]. (constraint file  f:/Vivado/2023_pl_new/2023_step2_by_ygw/2023_step2_by_ygw.srcs/sources_1/bd/design_1/ip/design_1_processing_system7_0_0/design_1_processing_system7_0_0/design_1_processing_system7_0_0_in_context.xdc, line 109).
Applied set_property IO_BUFFER_TYPE = NONE for DDR_dq[27]. (constraint file  f:/Vivado/2023_pl_new/2023_step2_by_ygw/2023_step2_by_ygw.srcs/sources_1/bd/design_1/ip/design_1_processing_system7_0_0/design_1_processing_system7_0_0/design_1_processing_system7_0_0_in_context.xdc, line 110).
Applied set_property CLOCK_BUFFER_TYPE = NONE for DDR_dq[27]. (constraint file  f:/Vivado/2023_pl_new/2023_step2_by_ygw/2023_step2_by_ygw.srcs/sources_1/bd/design_1/ip/design_1_processing_system7_0_0/design_1_processing_system7_0_0/design_1_processing_system7_0_0_in_context.xdc, line 111).
Applied set_property IO_BUFFER_TYPE = NONE for DDR_dq[28]. (constraint file  f:/Vivado/2023_pl_new/2023_step2_by_ygw/2023_step2_by_ygw.srcs/sources_1/bd/design_1/ip/design_1_processing_system7_0_0/design_1_processing_system7_0_0/design_1_processing_system7_0_0_in_context.xdc, line 112).
Applied set_property CLOCK_BUFFER_TYPE = NONE for DDR_dq[28]. (constraint file  f:/Vivado/2023_pl_new/2023_step2_by_ygw/2023_step2_by_ygw.srcs/sources_1/bd/design_1/ip/design_1_processing_system7_0_0/design_1_processing_system7_0_0/design_1_processing_system7_0_0_in_context.xdc, line 113).
Applied set_property IO_BUFFER_TYPE = NONE for DDR_dq[29]. (constraint file  f:/Vivado/2023_pl_new/2023_step2_by_ygw/2023_step2_by_ygw.srcs/sources_1/bd/design_1/ip/design_1_processing_system7_0_0/design_1_processing_system7_0_0/design_1_processing_system7_0_0_in_context.xdc, line 114).
Applied set_property CLOCK_BUFFER_TYPE = NONE for DDR_dq[29]. (constraint file  f:/Vivado/2023_pl_new/2023_step2_by_ygw/2023_step2_by_ygw.srcs/sources_1/bd/design_1/ip/design_1_processing_system7_0_0/design_1_processing_system7_0_0/design_1_processing_system7_0_0_in_context.xdc, line 115).
Applied set_property IO_BUFFER_TYPE = NONE for DDR_dq[2]. (constraint file  f:/Vivado/2023_pl_new/2023_step2_by_ygw/2023_step2_by_ygw.srcs/sources_1/bd/design_1/ip/design_1_processing_system7_0_0/design_1_processing_system7_0_0/design_1_processing_system7_0_0_in_context.xdc, line 116).
Applied set_property CLOCK_BUFFER_TYPE = NONE for DDR_dq[2]. (constraint file  f:/Vivado/2023_pl_new/2023_step2_by_ygw/2023_step2_by_ygw.srcs/sources_1/bd/design_1/ip/design_1_processing_system7_0_0/design_1_processing_system7_0_0/design_1_processing_system7_0_0_in_context.xdc, line 117).
Applied set_property IO_BUFFER_TYPE = NONE for DDR_dq[30]. (constraint file  f:/Vivado/2023_pl_new/2023_step2_by_ygw/2023_step2_by_ygw.srcs/sources_1/bd/design_1/ip/design_1_processing_system7_0_0/design_1_processing_system7_0_0/design_1_processing_system7_0_0_in_context.xdc, line 118).
Applied set_property CLOCK_BUFFER_TYPE = NONE for DDR_dq[30]. (constraint file  f:/Vivado/2023_pl_new/2023_step2_by_ygw/2023_step2_by_ygw.srcs/sources_1/bd/design_1/ip/design_1_processing_system7_0_0/design_1_processing_system7_0_0/design_1_processing_system7_0_0_in_context.xdc, line 119).
Applied set_property IO_BUFFER_TYPE = NONE for DDR_dq[31]. (constraint file  f:/Vivado/2023_pl_new/2023_step2_by_ygw/2023_step2_by_ygw.srcs/sources_1/bd/design_1/ip/design_1_processing_system7_0_0/design_1_processing_system7_0_0/design_1_processing_system7_0_0_in_context.xdc, line 120).
Applied set_property CLOCK_BUFFER_TYPE = NONE for DDR_dq[31]. (constraint file  f:/Vivado/2023_pl_new/2023_step2_by_ygw/2023_step2_by_ygw.srcs/sources_1/bd/design_1/ip/design_1_processing_system7_0_0/design_1_processing_system7_0_0/design_1_processing_system7_0_0_in_context.xdc, line 121).
Applied set_property IO_BUFFER_TYPE = NONE for DDR_dq[3]. (constraint file  f:/Vivado/2023_pl_new/2023_step2_by_ygw/2023_step2_by_ygw.srcs/sources_1/bd/design_1/ip/design_1_processing_system7_0_0/design_1_processing_system7_0_0/design_1_processing_system7_0_0_in_context.xdc, line 122).
Applied set_property CLOCK_BUFFER_TYPE = NONE for DDR_dq[3]. (constraint file  f:/Vivado/2023_pl_new/2023_step2_by_ygw/2023_step2_by_ygw.srcs/sources_1/bd/design_1/ip/design_1_processing_system7_0_0/design_1_processing_system7_0_0/design_1_processing_system7_0_0_in_context.xdc, line 123).
Applied set_property IO_BUFFER_TYPE = NONE for DDR_dq[4]. (constraint file  f:/Vivado/2023_pl_new/2023_step2_by_ygw/2023_step2_by_ygw.srcs/sources_1/bd/design_1/ip/design_1_processing_system7_0_0/design_1_processing_system7_0_0/design_1_processing_system7_0_0_in_context.xdc, line 124).
Applied set_property CLOCK_BUFFER_TYPE = NONE for DDR_dq[4]. (constraint file  f:/Vivado/2023_pl_new/2023_step2_by_ygw/2023_step2_by_ygw.srcs/sources_1/bd/design_1/ip/design_1_processing_system7_0_0/design_1_processing_system7_0_0/design_1_processing_system7_0_0_in_context.xdc, line 125).
Applied set_property IO_BUFFER_TYPE = NONE for DDR_dq[5]. (constraint file  f:/Vivado/2023_pl_new/2023_step2_by_ygw/2023_step2_by_ygw.srcs/sources_1/bd/design_1/ip/design_1_processing_system7_0_0/design_1_processing_system7_0_0/design_1_processing_system7_0_0_in_context.xdc, line 126).
Applied set_property CLOCK_BUFFER_TYPE = NONE for DDR_dq[5]. (constraint file  f:/Vivado/2023_pl_new/2023_step2_by_ygw/2023_step2_by_ygw.srcs/sources_1/bd/design_1/ip/design_1_processing_system7_0_0/design_1_processing_system7_0_0/design_1_processing_system7_0_0_in_context.xdc, line 127).
Applied set_property IO_BUFFER_TYPE = NONE for DDR_dq[6]. (constraint file  f:/Vivado/2023_pl_new/2023_step2_by_ygw/2023_step2_by_ygw.srcs/sources_1/bd/design_1/ip/design_1_processing_system7_0_0/design_1_processing_system7_0_0/design_1_processing_system7_0_0_in_context.xdc, line 128).
Applied set_property CLOCK_BUFFER_TYPE = NONE for DDR_dq[6]. (constraint file  f:/Vivado/2023_pl_new/2023_step2_by_ygw/2023_step2_by_ygw.srcs/sources_1/bd/design_1/ip/design_1_processing_system7_0_0/design_1_processing_system7_0_0/design_1_processing_system7_0_0_in_context.xdc, line 129).
Applied set_property IO_BUFFER_TYPE = NONE for DDR_dq[7]. (constraint file  f:/Vivado/2023_pl_new/2023_step2_by_ygw/2023_step2_by_ygw.srcs/sources_1/bd/design_1/ip/design_1_processing_system7_0_0/design_1_processing_system7_0_0/design_1_processing_system7_0_0_in_context.xdc, line 130).
Applied set_property CLOCK_BUFFER_TYPE = NONE for DDR_dq[7]. (constraint file  f:/Vivado/2023_pl_new/2023_step2_by_ygw/2023_step2_by_ygw.srcs/sources_1/bd/design_1/ip/design_1_processing_system7_0_0/design_1_processing_system7_0_0/design_1_processing_system7_0_0_in_context.xdc, line 131).
Applied set_property IO_BUFFER_TYPE = NONE for DDR_dq[8]. (constraint file  f:/Vivado/2023_pl_new/2023_step2_by_ygw/2023_step2_by_ygw.srcs/sources_1/bd/design_1/ip/design_1_processing_system7_0_0/design_1_processing_system7_0_0/design_1_processing_system7_0_0_in_context.xdc, line 132).
Applied set_property CLOCK_BUFFER_TYPE = NONE for DDR_dq[8]. (constraint file  f:/Vivado/2023_pl_new/2023_step2_by_ygw/2023_step2_by_ygw.srcs/sources_1/bd/design_1/ip/design_1_processing_system7_0_0/design_1_processing_system7_0_0/design_1_processing_system7_0_0_in_context.xdc, line 133).
Applied set_property IO_BUFFER_TYPE = NONE for DDR_dq[9]. (constraint file  f:/Vivado/2023_pl_new/2023_step2_by_ygw/2023_step2_by_ygw.srcs/sources_1/bd/design_1/ip/design_1_processing_system7_0_0/design_1_processing_system7_0_0/design_1_processing_system7_0_0_in_context.xdc, line 134).
Applied set_property CLOCK_BUFFER_TYPE = NONE for DDR_dq[9]. (constraint file  f:/Vivado/2023_pl_new/2023_step2_by_ygw/2023_step2_by_ygw.srcs/sources_1/bd/design_1/ip/design_1_processing_system7_0_0/design_1_processing_system7_0_0/design_1_processing_system7_0_0_in_context.xdc, line 135).
Applied set_property IO_BUFFER_TYPE = NONE for DDR_reset_n. (constraint file  f:/Vivado/2023_pl_new/2023_step2_by_ygw/2023_step2_by_ygw.srcs/sources_1/bd/design_1/ip/design_1_processing_system7_0_0/design_1_processing_system7_0_0/design_1_processing_system7_0_0_in_context.xdc, line 136).
Applied set_property CLOCK_BUFFER_TYPE = NONE for DDR_reset_n. (constraint file  f:/Vivado/2023_pl_new/2023_step2_by_ygw/2023_step2_by_ygw.srcs/sources_1/bd/design_1/ip/design_1_processing_system7_0_0/design_1_processing_system7_0_0/design_1_processing_system7_0_0_in_context.xdc, line 137).
Applied set_property IO_BUFFER_TYPE = NONE for DDR_odt. (constraint file  f:/Vivado/2023_pl_new/2023_step2_by_ygw/2023_step2_by_ygw.srcs/sources_1/bd/design_1/ip/design_1_processing_system7_0_0/design_1_processing_system7_0_0/design_1_processing_system7_0_0_in_context.xdc, line 138).
Applied set_property CLOCK_BUFFER_TYPE = NONE for DDR_odt. (constraint file  f:/Vivado/2023_pl_new/2023_step2_by_ygw/2023_step2_by_ygw.srcs/sources_1/bd/design_1/ip/design_1_processing_system7_0_0/design_1_processing_system7_0_0/design_1_processing_system7_0_0_in_context.xdc, line 139).
Applied set_property IO_BUFFER_TYPE = NONE for DDR_ras_n. (constraint file  f:/Vivado/2023_pl_new/2023_step2_by_ygw/2023_step2_by_ygw.srcs/sources_1/bd/design_1/ip/design_1_processing_system7_0_0/design_1_processing_system7_0_0/design_1_processing_system7_0_0_in_context.xdc, line 140).
Applied set_property CLOCK_BUFFER_TYPE = NONE for DDR_ras_n. (constraint file  f:/Vivado/2023_pl_new/2023_step2_by_ygw/2023_step2_by_ygw.srcs/sources_1/bd/design_1/ip/design_1_processing_system7_0_0/design_1_processing_system7_0_0/design_1_processing_system7_0_0_in_context.xdc, line 141).
Applied set_property IO_BUFFER_TYPE = NONE for FIXED_IO_ddr_vrn. (constraint file  f:/Vivado/2023_pl_new/2023_step2_by_ygw/2023_step2_by_ygw.srcs/sources_1/bd/design_1/ip/design_1_processing_system7_0_0/design_1_processing_system7_0_0/design_1_processing_system7_0_0_in_context.xdc, line 142).
Applied set_property CLOCK_BUFFER_TYPE = NONE for FIXED_IO_ddr_vrn. (constraint file  f:/Vivado/2023_pl_new/2023_step2_by_ygw/2023_step2_by_ygw.srcs/sources_1/bd/design_1/ip/design_1_processing_system7_0_0/design_1_processing_system7_0_0/design_1_processing_system7_0_0_in_context.xdc, line 143).
Applied set_property IO_BUFFER_TYPE = NONE for FIXED_IO_ddr_vrp. (constraint file  f:/Vivado/2023_pl_new/2023_step2_by_ygw/2023_step2_by_ygw.srcs/sources_1/bd/design_1/ip/design_1_processing_system7_0_0/design_1_processing_system7_0_0/design_1_processing_system7_0_0_in_context.xdc, line 144).
Applied set_property CLOCK_BUFFER_TYPE = NONE for FIXED_IO_ddr_vrp. (constraint file  f:/Vivado/2023_pl_new/2023_step2_by_ygw/2023_step2_by_ygw.srcs/sources_1/bd/design_1/ip/design_1_processing_system7_0_0/design_1_processing_system7_0_0/design_1_processing_system7_0_0_in_context.xdc, line 145).
Applied set_property IO_BUFFER_TYPE = NONE for DDR_we_n. (constraint file  f:/Vivado/2023_pl_new/2023_step2_by_ygw/2023_step2_by_ygw.srcs/sources_1/bd/design_1/ip/design_1_processing_system7_0_0/design_1_processing_system7_0_0/design_1_processing_system7_0_0_in_context.xdc, line 146).
Applied set_property CLOCK_BUFFER_TYPE = NONE for DDR_we_n. (constraint file  f:/Vivado/2023_pl_new/2023_step2_by_ygw/2023_step2_by_ygw.srcs/sources_1/bd/design_1/ip/design_1_processing_system7_0_0/design_1_processing_system7_0_0/design_1_processing_system7_0_0_in_context.xdc, line 147).
Applied set_property IO_BUFFER_TYPE = NONE for FIXED_IO_mio[0]. (constraint file  f:/Vivado/2023_pl_new/2023_step2_by_ygw/2023_step2_by_ygw.srcs/sources_1/bd/design_1/ip/design_1_processing_system7_0_0/design_1_processing_system7_0_0/design_1_processing_system7_0_0_in_context.xdc, line 148).
Applied set_property CLOCK_BUFFER_TYPE = NONE for FIXED_IO_mio[0]. (constraint file  f:/Vivado/2023_pl_new/2023_step2_by_ygw/2023_step2_by_ygw.srcs/sources_1/bd/design_1/ip/design_1_processing_system7_0_0/design_1_processing_system7_0_0/design_1_processing_system7_0_0_in_context.xdc, line 149).
Applied set_property IO_BUFFER_TYPE = NONE for FIXED_IO_mio[10]. (constraint file  f:/Vivado/2023_pl_new/2023_step2_by_ygw/2023_step2_by_ygw.srcs/sources_1/bd/design_1/ip/design_1_processing_system7_0_0/design_1_processing_system7_0_0/design_1_processing_system7_0_0_in_context.xdc, line 150).
Applied set_property CLOCK_BUFFER_TYPE = NONE for FIXED_IO_mio[10]. (constraint file  f:/Vivado/2023_pl_new/2023_step2_by_ygw/2023_step2_by_ygw.srcs/sources_1/bd/design_1/ip/design_1_processing_system7_0_0/design_1_processing_system7_0_0/design_1_processing_system7_0_0_in_context.xdc, line 151).
Applied set_property IO_BUFFER_TYPE = NONE for FIXED_IO_mio[11]. (constraint file  f:/Vivado/2023_pl_new/2023_step2_by_ygw/2023_step2_by_ygw.srcs/sources_1/bd/design_1/ip/design_1_processing_system7_0_0/design_1_processing_system7_0_0/design_1_processing_system7_0_0_in_context.xdc, line 152).
Applied set_property CLOCK_BUFFER_TYPE = NONE for FIXED_IO_mio[11]. (constraint file  f:/Vivado/2023_pl_new/2023_step2_by_ygw/2023_step2_by_ygw.srcs/sources_1/bd/design_1/ip/design_1_processing_system7_0_0/design_1_processing_system7_0_0/design_1_processing_system7_0_0_in_context.xdc, line 153).
Applied set_property IO_BUFFER_TYPE = NONE for FIXED_IO_mio[12]. (constraint file  f:/Vivado/2023_pl_new/2023_step2_by_ygw/2023_step2_by_ygw.srcs/sources_1/bd/design_1/ip/design_1_processing_system7_0_0/design_1_processing_system7_0_0/design_1_processing_system7_0_0_in_context.xdc, line 154).
Applied set_property CLOCK_BUFFER_TYPE = NONE for FIXED_IO_mio[12]. (constraint file  f:/Vivado/2023_pl_new/2023_step2_by_ygw/2023_step2_by_ygw.srcs/sources_1/bd/design_1/ip/design_1_processing_system7_0_0/design_1_processing_system7_0_0/design_1_processing_system7_0_0_in_context.xdc, line 155).
Applied set_property IO_BUFFER_TYPE = NONE for FIXED_IO_mio[13]. (constraint file  f:/Vivado/2023_pl_new/2023_step2_by_ygw/2023_step2_by_ygw.srcs/sources_1/bd/design_1/ip/design_1_processing_system7_0_0/design_1_processing_system7_0_0/design_1_processing_system7_0_0_in_context.xdc, line 156).
Applied set_property CLOCK_BUFFER_TYPE = NONE for FIXED_IO_mio[13]. (constraint file  f:/Vivado/2023_pl_new/2023_step2_by_ygw/2023_step2_by_ygw.srcs/sources_1/bd/design_1/ip/design_1_processing_system7_0_0/design_1_processing_system7_0_0/design_1_processing_system7_0_0_in_context.xdc, line 157).
Applied set_property IO_BUFFER_TYPE = NONE for FIXED_IO_mio[14]. (constraint file  f:/Vivado/2023_pl_new/2023_step2_by_ygw/2023_step2_by_ygw.srcs/sources_1/bd/design_1/ip/design_1_processing_system7_0_0/design_1_processing_system7_0_0/design_1_processing_system7_0_0_in_context.xdc, line 158).
Applied set_property CLOCK_BUFFER_TYPE = NONE for FIXED_IO_mio[14]. (constraint file  f:/Vivado/2023_pl_new/2023_step2_by_ygw/2023_step2_by_ygw.srcs/sources_1/bd/design_1/ip/design_1_processing_system7_0_0/design_1_processing_system7_0_0/design_1_processing_system7_0_0_in_context.xdc, line 159).
Applied set_property IO_BUFFER_TYPE = NONE for FIXED_IO_mio[15]. (constraint file  f:/Vivado/2023_pl_new/2023_step2_by_ygw/2023_step2_by_ygw.srcs/sources_1/bd/design_1/ip/design_1_processing_system7_0_0/design_1_processing_system7_0_0/design_1_processing_system7_0_0_in_context.xdc, line 160).
Applied set_property CLOCK_BUFFER_TYPE = NONE for FIXED_IO_mio[15]. (constraint file  f:/Vivado/2023_pl_new/2023_step2_by_ygw/2023_step2_by_ygw.srcs/sources_1/bd/design_1/ip/design_1_processing_system7_0_0/design_1_processing_system7_0_0/design_1_processing_system7_0_0_in_context.xdc, line 161).
Applied set_property IO_BUFFER_TYPE = NONE for FIXED_IO_mio[16]. (constraint file  f:/Vivado/2023_pl_new/2023_step2_by_ygw/2023_step2_by_ygw.srcs/sources_1/bd/design_1/ip/design_1_processing_system7_0_0/design_1_processing_system7_0_0/design_1_processing_system7_0_0_in_context.xdc, line 162).
Applied set_property CLOCK_BUFFER_TYPE = NONE for FIXED_IO_mio[16]. (constraint file  f:/Vivado/2023_pl_new/2023_step2_by_ygw/2023_step2_by_ygw.srcs/sources_1/bd/design_1/ip/design_1_processing_system7_0_0/design_1_processing_system7_0_0/design_1_processing_system7_0_0_in_context.xdc, line 163).
Applied set_property IO_BUFFER_TYPE = NONE for FIXED_IO_mio[17]. (constraint file  f:/Vivado/2023_pl_new/2023_step2_by_ygw/2023_step2_by_ygw.srcs/sources_1/bd/design_1/ip/design_1_processing_system7_0_0/design_1_processing_system7_0_0/design_1_processing_system7_0_0_in_context.xdc, line 164).
Applied set_property CLOCK_BUFFER_TYPE = NONE for FIXED_IO_mio[17]. (constraint file  f:/Vivado/2023_pl_new/2023_step2_by_ygw/2023_step2_by_ygw.srcs/sources_1/bd/design_1/ip/design_1_processing_system7_0_0/design_1_processing_system7_0_0/design_1_processing_system7_0_0_in_context.xdc, line 165).
Applied set_property IO_BUFFER_TYPE = NONE for FIXED_IO_mio[18]. (constraint file  f:/Vivado/2023_pl_new/2023_step2_by_ygw/2023_step2_by_ygw.srcs/sources_1/bd/design_1/ip/design_1_processing_system7_0_0/design_1_processing_system7_0_0/design_1_processing_system7_0_0_in_context.xdc, line 166).
Applied set_property CLOCK_BUFFER_TYPE = NONE for FIXED_IO_mio[18]. (constraint file  f:/Vivado/2023_pl_new/2023_step2_by_ygw/2023_step2_by_ygw.srcs/sources_1/bd/design_1/ip/design_1_processing_system7_0_0/design_1_processing_system7_0_0/design_1_processing_system7_0_0_in_context.xdc, line 167).
Applied set_property IO_BUFFER_TYPE = NONE for FIXED_IO_mio[19]. (constraint file  f:/Vivado/2023_pl_new/2023_step2_by_ygw/2023_step2_by_ygw.srcs/sources_1/bd/design_1/ip/design_1_processing_system7_0_0/design_1_processing_system7_0_0/design_1_processing_system7_0_0_in_context.xdc, line 168).
Applied set_property CLOCK_BUFFER_TYPE = NONE for FIXED_IO_mio[19]. (constraint file  f:/Vivado/2023_pl_new/2023_step2_by_ygw/2023_step2_by_ygw.srcs/sources_1/bd/design_1/ip/design_1_processing_system7_0_0/design_1_processing_system7_0_0/design_1_processing_system7_0_0_in_context.xdc, line 169).
Applied set_property IO_BUFFER_TYPE = NONE for FIXED_IO_mio[1]. (constraint file  f:/Vivado/2023_pl_new/2023_step2_by_ygw/2023_step2_by_ygw.srcs/sources_1/bd/design_1/ip/design_1_processing_system7_0_0/design_1_processing_system7_0_0/design_1_processing_system7_0_0_in_context.xdc, line 170).
Applied set_property CLOCK_BUFFER_TYPE = NONE for FIXED_IO_mio[1]. (constraint file  f:/Vivado/2023_pl_new/2023_step2_by_ygw/2023_step2_by_ygw.srcs/sources_1/bd/design_1/ip/design_1_processing_system7_0_0/design_1_processing_system7_0_0/design_1_processing_system7_0_0_in_context.xdc, line 171).
Applied set_property IO_BUFFER_TYPE = NONE for FIXED_IO_mio[20]. (constraint file  f:/Vivado/2023_pl_new/2023_step2_by_ygw/2023_step2_by_ygw.srcs/sources_1/bd/design_1/ip/design_1_processing_system7_0_0/design_1_processing_system7_0_0/design_1_processing_system7_0_0_in_context.xdc, line 172).
Applied set_property CLOCK_BUFFER_TYPE = NONE for FIXED_IO_mio[20]. (constraint file  f:/Vivado/2023_pl_new/2023_step2_by_ygw/2023_step2_by_ygw.srcs/sources_1/bd/design_1/ip/design_1_processing_system7_0_0/design_1_processing_system7_0_0/design_1_processing_system7_0_0_in_context.xdc, line 173).
Applied set_property IO_BUFFER_TYPE = NONE for FIXED_IO_mio[21]. (constraint file  f:/Vivado/2023_pl_new/2023_step2_by_ygw/2023_step2_by_ygw.srcs/sources_1/bd/design_1/ip/design_1_processing_system7_0_0/design_1_processing_system7_0_0/design_1_processing_system7_0_0_in_context.xdc, line 174).
Applied set_property CLOCK_BUFFER_TYPE = NONE for FIXED_IO_mio[21]. (constraint file  f:/Vivado/2023_pl_new/2023_step2_by_ygw/2023_step2_by_ygw.srcs/sources_1/bd/design_1/ip/design_1_processing_system7_0_0/design_1_processing_system7_0_0/design_1_processing_system7_0_0_in_context.xdc, line 175).
Applied set_property IO_BUFFER_TYPE = NONE for FIXED_IO_mio[22]. (constraint file  f:/Vivado/2023_pl_new/2023_step2_by_ygw/2023_step2_by_ygw.srcs/sources_1/bd/design_1/ip/design_1_processing_system7_0_0/design_1_processing_system7_0_0/design_1_processing_system7_0_0_in_context.xdc, line 176).
Applied set_property CLOCK_BUFFER_TYPE = NONE for FIXED_IO_mio[22]. (constraint file  f:/Vivado/2023_pl_new/2023_step2_by_ygw/2023_step2_by_ygw.srcs/sources_1/bd/design_1/ip/design_1_processing_system7_0_0/design_1_processing_system7_0_0/design_1_processing_system7_0_0_in_context.xdc, line 177).
Applied set_property IO_BUFFER_TYPE = NONE for FIXED_IO_mio[23]. (constraint file  f:/Vivado/2023_pl_new/2023_step2_by_ygw/2023_step2_by_ygw.srcs/sources_1/bd/design_1/ip/design_1_processing_system7_0_0/design_1_processing_system7_0_0/design_1_processing_system7_0_0_in_context.xdc, line 178).
Applied set_property CLOCK_BUFFER_TYPE = NONE for FIXED_IO_mio[23]. (constraint file  f:/Vivado/2023_pl_new/2023_step2_by_ygw/2023_step2_by_ygw.srcs/sources_1/bd/design_1/ip/design_1_processing_system7_0_0/design_1_processing_system7_0_0/design_1_processing_system7_0_0_in_context.xdc, line 179).
Applied set_property IO_BUFFER_TYPE = NONE for FIXED_IO_mio[24]. (constraint file  f:/Vivado/2023_pl_new/2023_step2_by_ygw/2023_step2_by_ygw.srcs/sources_1/bd/design_1/ip/design_1_processing_system7_0_0/design_1_processing_system7_0_0/design_1_processing_system7_0_0_in_context.xdc, line 180).
Applied set_property CLOCK_BUFFER_TYPE = NONE for FIXED_IO_mio[24]. (constraint file  f:/Vivado/2023_pl_new/2023_step2_by_ygw/2023_step2_by_ygw.srcs/sources_1/bd/design_1/ip/design_1_processing_system7_0_0/design_1_processing_system7_0_0/design_1_processing_system7_0_0_in_context.xdc, line 181).
Applied set_property IO_BUFFER_TYPE = NONE for FIXED_IO_mio[25]. (constraint file  f:/Vivado/2023_pl_new/2023_step2_by_ygw/2023_step2_by_ygw.srcs/sources_1/bd/design_1/ip/design_1_processing_system7_0_0/design_1_processing_system7_0_0/design_1_processing_system7_0_0_in_context.xdc, line 182).
Applied set_property CLOCK_BUFFER_TYPE = NONE for FIXED_IO_mio[25]. (constraint file  f:/Vivado/2023_pl_new/2023_step2_by_ygw/2023_step2_by_ygw.srcs/sources_1/bd/design_1/ip/design_1_processing_system7_0_0/design_1_processing_system7_0_0/design_1_processing_system7_0_0_in_context.xdc, line 183).
Applied set_property IO_BUFFER_TYPE = NONE for FIXED_IO_mio[26]. (constraint file  f:/Vivado/2023_pl_new/2023_step2_by_ygw/2023_step2_by_ygw.srcs/sources_1/bd/design_1/ip/design_1_processing_system7_0_0/design_1_processing_system7_0_0/design_1_processing_system7_0_0_in_context.xdc, line 184).
Applied set_property CLOCK_BUFFER_TYPE = NONE for FIXED_IO_mio[26]. (constraint file  f:/Vivado/2023_pl_new/2023_step2_by_ygw/2023_step2_by_ygw.srcs/sources_1/bd/design_1/ip/design_1_processing_system7_0_0/design_1_processing_system7_0_0/design_1_processing_system7_0_0_in_context.xdc, line 185).
Applied set_property IO_BUFFER_TYPE = NONE for FIXED_IO_mio[27]. (constraint file  f:/Vivado/2023_pl_new/2023_step2_by_ygw/2023_step2_by_ygw.srcs/sources_1/bd/design_1/ip/design_1_processing_system7_0_0/design_1_processing_system7_0_0/design_1_processing_system7_0_0_in_context.xdc, line 186).
Applied set_property CLOCK_BUFFER_TYPE = NONE for FIXED_IO_mio[27]. (constraint file  f:/Vivado/2023_pl_new/2023_step2_by_ygw/2023_step2_by_ygw.srcs/sources_1/bd/design_1/ip/design_1_processing_system7_0_0/design_1_processing_system7_0_0/design_1_processing_system7_0_0_in_context.xdc, line 187).
Applied set_property IO_BUFFER_TYPE = NONE for FIXED_IO_mio[28]. (constraint file  f:/Vivado/2023_pl_new/2023_step2_by_ygw/2023_step2_by_ygw.srcs/sources_1/bd/design_1/ip/design_1_processing_system7_0_0/design_1_processing_system7_0_0/design_1_processing_system7_0_0_in_context.xdc, line 188).
Applied set_property CLOCK_BUFFER_TYPE = NONE for FIXED_IO_mio[28]. (constraint file  f:/Vivado/2023_pl_new/2023_step2_by_ygw/2023_step2_by_ygw.srcs/sources_1/bd/design_1/ip/design_1_processing_system7_0_0/design_1_processing_system7_0_0/design_1_processing_system7_0_0_in_context.xdc, line 189).
Applied set_property IO_BUFFER_TYPE = NONE for FIXED_IO_mio[29]. (constraint file  f:/Vivado/2023_pl_new/2023_step2_by_ygw/2023_step2_by_ygw.srcs/sources_1/bd/design_1/ip/design_1_processing_system7_0_0/design_1_processing_system7_0_0/design_1_processing_system7_0_0_in_context.xdc, line 190).
Applied set_property CLOCK_BUFFER_TYPE = NONE for FIXED_IO_mio[29]. (constraint file  f:/Vivado/2023_pl_new/2023_step2_by_ygw/2023_step2_by_ygw.srcs/sources_1/bd/design_1/ip/design_1_processing_system7_0_0/design_1_processing_system7_0_0/design_1_processing_system7_0_0_in_context.xdc, line 191).
Applied set_property IO_BUFFER_TYPE = NONE for FIXED_IO_mio[2]. (constraint file  f:/Vivado/2023_pl_new/2023_step2_by_ygw/2023_step2_by_ygw.srcs/sources_1/bd/design_1/ip/design_1_processing_system7_0_0/design_1_processing_system7_0_0/design_1_processing_system7_0_0_in_context.xdc, line 192).
Applied set_property CLOCK_BUFFER_TYPE = NONE for FIXED_IO_mio[2]. (constraint file  f:/Vivado/2023_pl_new/2023_step2_by_ygw/2023_step2_by_ygw.srcs/sources_1/bd/design_1/ip/design_1_processing_system7_0_0/design_1_processing_system7_0_0/design_1_processing_system7_0_0_in_context.xdc, line 193).
Applied set_property IO_BUFFER_TYPE = NONE for FIXED_IO_mio[30]. (constraint file  f:/Vivado/2023_pl_new/2023_step2_by_ygw/2023_step2_by_ygw.srcs/sources_1/bd/design_1/ip/design_1_processing_system7_0_0/design_1_processing_system7_0_0/design_1_processing_system7_0_0_in_context.xdc, line 194).
Applied set_property CLOCK_BUFFER_TYPE = NONE for FIXED_IO_mio[30]. (constraint file  f:/Vivado/2023_pl_new/2023_step2_by_ygw/2023_step2_by_ygw.srcs/sources_1/bd/design_1/ip/design_1_processing_system7_0_0/design_1_processing_system7_0_0/design_1_processing_system7_0_0_in_context.xdc, line 195).
Applied set_property IO_BUFFER_TYPE = NONE for FIXED_IO_mio[31]. (constraint file  f:/Vivado/2023_pl_new/2023_step2_by_ygw/2023_step2_by_ygw.srcs/sources_1/bd/design_1/ip/design_1_processing_system7_0_0/design_1_processing_system7_0_0/design_1_processing_system7_0_0_in_context.xdc, line 196).
Applied set_property CLOCK_BUFFER_TYPE = NONE for FIXED_IO_mio[31]. (constraint file  f:/Vivado/2023_pl_new/2023_step2_by_ygw/2023_step2_by_ygw.srcs/sources_1/bd/design_1/ip/design_1_processing_system7_0_0/design_1_processing_system7_0_0/design_1_processing_system7_0_0_in_context.xdc, line 197).
Applied set_property IO_BUFFER_TYPE = NONE for FIXED_IO_mio[32]. (constraint file  f:/Vivado/2023_pl_new/2023_step2_by_ygw/2023_step2_by_ygw.srcs/sources_1/bd/design_1/ip/design_1_processing_system7_0_0/design_1_processing_system7_0_0/design_1_processing_system7_0_0_in_context.xdc, line 198).
Applied set_property CLOCK_BUFFER_TYPE = NONE for FIXED_IO_mio[32]. (constraint file  f:/Vivado/2023_pl_new/2023_step2_by_ygw/2023_step2_by_ygw.srcs/sources_1/bd/design_1/ip/design_1_processing_system7_0_0/design_1_processing_system7_0_0/design_1_processing_system7_0_0_in_context.xdc, line 199).
Applied set_property IO_BUFFER_TYPE = NONE for FIXED_IO_mio[33]. (constraint file  f:/Vivado/2023_pl_new/2023_step2_by_ygw/2023_step2_by_ygw.srcs/sources_1/bd/design_1/ip/design_1_processing_system7_0_0/design_1_processing_system7_0_0/design_1_processing_system7_0_0_in_context.xdc, line 200).
Applied set_property CLOCK_BUFFER_TYPE = NONE for FIXED_IO_mio[33]. (constraint file  f:/Vivado/2023_pl_new/2023_step2_by_ygw/2023_step2_by_ygw.srcs/sources_1/bd/design_1/ip/design_1_processing_system7_0_0/design_1_processing_system7_0_0/design_1_processing_system7_0_0_in_context.xdc, line 201).
Applied set_property IO_BUFFER_TYPE = NONE for FIXED_IO_mio[34]. (constraint file  f:/Vivado/2023_pl_new/2023_step2_by_ygw/2023_step2_by_ygw.srcs/sources_1/bd/design_1/ip/design_1_processing_system7_0_0/design_1_processing_system7_0_0/design_1_processing_system7_0_0_in_context.xdc, line 202).
Applied set_property CLOCK_BUFFER_TYPE = NONE for FIXED_IO_mio[34]. (constraint file  f:/Vivado/2023_pl_new/2023_step2_by_ygw/2023_step2_by_ygw.srcs/sources_1/bd/design_1/ip/design_1_processing_system7_0_0/design_1_processing_system7_0_0/design_1_processing_system7_0_0_in_context.xdc, line 203).
Applied set_property IO_BUFFER_TYPE = NONE for FIXED_IO_mio[35]. (constraint file  f:/Vivado/2023_pl_new/2023_step2_by_ygw/2023_step2_by_ygw.srcs/sources_1/bd/design_1/ip/design_1_processing_system7_0_0/design_1_processing_system7_0_0/design_1_processing_system7_0_0_in_context.xdc, line 204).
Applied set_property CLOCK_BUFFER_TYPE = NONE for FIXED_IO_mio[35]. (constraint file  f:/Vivado/2023_pl_new/2023_step2_by_ygw/2023_step2_by_ygw.srcs/sources_1/bd/design_1/ip/design_1_processing_system7_0_0/design_1_processing_system7_0_0/design_1_processing_system7_0_0_in_context.xdc, line 205).
Applied set_property IO_BUFFER_TYPE = NONE for FIXED_IO_mio[36]. (constraint file  f:/Vivado/2023_pl_new/2023_step2_by_ygw/2023_step2_by_ygw.srcs/sources_1/bd/design_1/ip/design_1_processing_system7_0_0/design_1_processing_system7_0_0/design_1_processing_system7_0_0_in_context.xdc, line 206).
Applied set_property CLOCK_BUFFER_TYPE = NONE for FIXED_IO_mio[36]. (constraint file  f:/Vivado/2023_pl_new/2023_step2_by_ygw/2023_step2_by_ygw.srcs/sources_1/bd/design_1/ip/design_1_processing_system7_0_0/design_1_processing_system7_0_0/design_1_processing_system7_0_0_in_context.xdc, line 207).
Applied set_property IO_BUFFER_TYPE = NONE for FIXED_IO_mio[37]. (constraint file  f:/Vivado/2023_pl_new/2023_step2_by_ygw/2023_step2_by_ygw.srcs/sources_1/bd/design_1/ip/design_1_processing_system7_0_0/design_1_processing_system7_0_0/design_1_processing_system7_0_0_in_context.xdc, line 208).
Applied set_property CLOCK_BUFFER_TYPE = NONE for FIXED_IO_mio[37]. (constraint file  f:/Vivado/2023_pl_new/2023_step2_by_ygw/2023_step2_by_ygw.srcs/sources_1/bd/design_1/ip/design_1_processing_system7_0_0/design_1_processing_system7_0_0/design_1_processing_system7_0_0_in_context.xdc, line 209).
Applied set_property IO_BUFFER_TYPE = NONE for FIXED_IO_mio[38]. (constraint file  f:/Vivado/2023_pl_new/2023_step2_by_ygw/2023_step2_by_ygw.srcs/sources_1/bd/design_1/ip/design_1_processing_system7_0_0/design_1_processing_system7_0_0/design_1_processing_system7_0_0_in_context.xdc, line 210).
Applied set_property CLOCK_BUFFER_TYPE = NONE for FIXED_IO_mio[38]. (constraint file  f:/Vivado/2023_pl_new/2023_step2_by_ygw/2023_step2_by_ygw.srcs/sources_1/bd/design_1/ip/design_1_processing_system7_0_0/design_1_processing_system7_0_0/design_1_processing_system7_0_0_in_context.xdc, line 211).
Applied set_property IO_BUFFER_TYPE = NONE for FIXED_IO_mio[39]. (constraint file  f:/Vivado/2023_pl_new/2023_step2_by_ygw/2023_step2_by_ygw.srcs/sources_1/bd/design_1/ip/design_1_processing_system7_0_0/design_1_processing_system7_0_0/design_1_processing_system7_0_0_in_context.xdc, line 212).
Applied set_property CLOCK_BUFFER_TYPE = NONE for FIXED_IO_mio[39]. (constraint file  f:/Vivado/2023_pl_new/2023_step2_by_ygw/2023_step2_by_ygw.srcs/sources_1/bd/design_1/ip/design_1_processing_system7_0_0/design_1_processing_system7_0_0/design_1_processing_system7_0_0_in_context.xdc, line 213).
Applied set_property IO_BUFFER_TYPE = NONE for FIXED_IO_mio[3]. (constraint file  f:/Vivado/2023_pl_new/2023_step2_by_ygw/2023_step2_by_ygw.srcs/sources_1/bd/design_1/ip/design_1_processing_system7_0_0/design_1_processing_system7_0_0/design_1_processing_system7_0_0_in_context.xdc, line 214).
Applied set_property CLOCK_BUFFER_TYPE = NONE for FIXED_IO_mio[3]. (constraint file  f:/Vivado/2023_pl_new/2023_step2_by_ygw/2023_step2_by_ygw.srcs/sources_1/bd/design_1/ip/design_1_processing_system7_0_0/design_1_processing_system7_0_0/design_1_processing_system7_0_0_in_context.xdc, line 215).
Applied set_property IO_BUFFER_TYPE = NONE for FIXED_IO_mio[40]. (constraint file  f:/Vivado/2023_pl_new/2023_step2_by_ygw/2023_step2_by_ygw.srcs/sources_1/bd/design_1/ip/design_1_processing_system7_0_0/design_1_processing_system7_0_0/design_1_processing_system7_0_0_in_context.xdc, line 216).
Applied set_property CLOCK_BUFFER_TYPE = NONE for FIXED_IO_mio[40]. (constraint file  f:/Vivado/2023_pl_new/2023_step2_by_ygw/2023_step2_by_ygw.srcs/sources_1/bd/design_1/ip/design_1_processing_system7_0_0/design_1_processing_system7_0_0/design_1_processing_system7_0_0_in_context.xdc, line 217).
Applied set_property IO_BUFFER_TYPE = NONE for FIXED_IO_mio[41]. (constraint file  f:/Vivado/2023_pl_new/2023_step2_by_ygw/2023_step2_by_ygw.srcs/sources_1/bd/design_1/ip/design_1_processing_system7_0_0/design_1_processing_system7_0_0/design_1_processing_system7_0_0_in_context.xdc, line 218).
Applied set_property CLOCK_BUFFER_TYPE = NONE for FIXED_IO_mio[41]. (constraint file  f:/Vivado/2023_pl_new/2023_step2_by_ygw/2023_step2_by_ygw.srcs/sources_1/bd/design_1/ip/design_1_processing_system7_0_0/design_1_processing_system7_0_0/design_1_processing_system7_0_0_in_context.xdc, line 219).
Applied set_property IO_BUFFER_TYPE = NONE for FIXED_IO_mio[42]. (constraint file  f:/Vivado/2023_pl_new/2023_step2_by_ygw/2023_step2_by_ygw.srcs/sources_1/bd/design_1/ip/design_1_processing_system7_0_0/design_1_processing_system7_0_0/design_1_processing_system7_0_0_in_context.xdc, line 220).
Applied set_property CLOCK_BUFFER_TYPE = NONE for FIXED_IO_mio[42]. (constraint file  f:/Vivado/2023_pl_new/2023_step2_by_ygw/2023_step2_by_ygw.srcs/sources_1/bd/design_1/ip/design_1_processing_system7_0_0/design_1_processing_system7_0_0/design_1_processing_system7_0_0_in_context.xdc, line 221).
Applied set_property IO_BUFFER_TYPE = NONE for FIXED_IO_mio[43]. (constraint file  f:/Vivado/2023_pl_new/2023_step2_by_ygw/2023_step2_by_ygw.srcs/sources_1/bd/design_1/ip/design_1_processing_system7_0_0/design_1_processing_system7_0_0/design_1_processing_system7_0_0_in_context.xdc, line 222).
Applied set_property CLOCK_BUFFER_TYPE = NONE for FIXED_IO_mio[43]. (constraint file  f:/Vivado/2023_pl_new/2023_step2_by_ygw/2023_step2_by_ygw.srcs/sources_1/bd/design_1/ip/design_1_processing_system7_0_0/design_1_processing_system7_0_0/design_1_processing_system7_0_0_in_context.xdc, line 223).
Applied set_property IO_BUFFER_TYPE = NONE for FIXED_IO_mio[44]. (constraint file  f:/Vivado/2023_pl_new/2023_step2_by_ygw/2023_step2_by_ygw.srcs/sources_1/bd/design_1/ip/design_1_processing_system7_0_0/design_1_processing_system7_0_0/design_1_processing_system7_0_0_in_context.xdc, line 224).
Applied set_property CLOCK_BUFFER_TYPE = NONE for FIXED_IO_mio[44]. (constraint file  f:/Vivado/2023_pl_new/2023_step2_by_ygw/2023_step2_by_ygw.srcs/sources_1/bd/design_1/ip/design_1_processing_system7_0_0/design_1_processing_system7_0_0/design_1_processing_system7_0_0_in_context.xdc, line 225).
Applied set_property IO_BUFFER_TYPE = NONE for FIXED_IO_mio[45]. (constraint file  f:/Vivado/2023_pl_new/2023_step2_by_ygw/2023_step2_by_ygw.srcs/sources_1/bd/design_1/ip/design_1_processing_system7_0_0/design_1_processing_system7_0_0/design_1_processing_system7_0_0_in_context.xdc, line 226).
Applied set_property CLOCK_BUFFER_TYPE = NONE for FIXED_IO_mio[45]. (constraint file  f:/Vivado/2023_pl_new/2023_step2_by_ygw/2023_step2_by_ygw.srcs/sources_1/bd/design_1/ip/design_1_processing_system7_0_0/design_1_processing_system7_0_0/design_1_processing_system7_0_0_in_context.xdc, line 227).
Applied set_property IO_BUFFER_TYPE = NONE for FIXED_IO_mio[46]. (constraint file  f:/Vivado/2023_pl_new/2023_step2_by_ygw/2023_step2_by_ygw.srcs/sources_1/bd/design_1/ip/design_1_processing_system7_0_0/design_1_processing_system7_0_0/design_1_processing_system7_0_0_in_context.xdc, line 228).
Applied set_property CLOCK_BUFFER_TYPE = NONE for FIXED_IO_mio[46]. (constraint file  f:/Vivado/2023_pl_new/2023_step2_by_ygw/2023_step2_by_ygw.srcs/sources_1/bd/design_1/ip/design_1_processing_system7_0_0/design_1_processing_system7_0_0/design_1_processing_system7_0_0_in_context.xdc, line 229).
Applied set_property IO_BUFFER_TYPE = NONE for FIXED_IO_mio[47]. (constraint file  f:/Vivado/2023_pl_new/2023_step2_by_ygw/2023_step2_by_ygw.srcs/sources_1/bd/design_1/ip/design_1_processing_system7_0_0/design_1_processing_system7_0_0/design_1_processing_system7_0_0_in_context.xdc, line 230).
Applied set_property CLOCK_BUFFER_TYPE = NONE for FIXED_IO_mio[47]. (constraint file  f:/Vivado/2023_pl_new/2023_step2_by_ygw/2023_step2_by_ygw.srcs/sources_1/bd/design_1/ip/design_1_processing_system7_0_0/design_1_processing_system7_0_0/design_1_processing_system7_0_0_in_context.xdc, line 231).
Applied set_property IO_BUFFER_TYPE = NONE for FIXED_IO_mio[48]. (constraint file  f:/Vivado/2023_pl_new/2023_step2_by_ygw/2023_step2_by_ygw.srcs/sources_1/bd/design_1/ip/design_1_processing_system7_0_0/design_1_processing_system7_0_0/design_1_processing_system7_0_0_in_context.xdc, line 232).
Applied set_property CLOCK_BUFFER_TYPE = NONE for FIXED_IO_mio[48]. (constraint file  f:/Vivado/2023_pl_new/2023_step2_by_ygw/2023_step2_by_ygw.srcs/sources_1/bd/design_1/ip/design_1_processing_system7_0_0/design_1_processing_system7_0_0/design_1_processing_system7_0_0_in_context.xdc, line 233).
Applied set_property IO_BUFFER_TYPE = NONE for FIXED_IO_mio[49]. (constraint file  f:/Vivado/2023_pl_new/2023_step2_by_ygw/2023_step2_by_ygw.srcs/sources_1/bd/design_1/ip/design_1_processing_system7_0_0/design_1_processing_system7_0_0/design_1_processing_system7_0_0_in_context.xdc, line 234).
Applied set_property CLOCK_BUFFER_TYPE = NONE for FIXED_IO_mio[49]. (constraint file  f:/Vivado/2023_pl_new/2023_step2_by_ygw/2023_step2_by_ygw.srcs/sources_1/bd/design_1/ip/design_1_processing_system7_0_0/design_1_processing_system7_0_0/design_1_processing_system7_0_0_in_context.xdc, line 235).
Applied set_property IO_BUFFER_TYPE = NONE for FIXED_IO_mio[4]. (constraint file  f:/Vivado/2023_pl_new/2023_step2_by_ygw/2023_step2_by_ygw.srcs/sources_1/bd/design_1/ip/design_1_processing_system7_0_0/design_1_processing_system7_0_0/design_1_processing_system7_0_0_in_context.xdc, line 236).
Applied set_property CLOCK_BUFFER_TYPE = NONE for FIXED_IO_mio[4]. (constraint file  f:/Vivado/2023_pl_new/2023_step2_by_ygw/2023_step2_by_ygw.srcs/sources_1/bd/design_1/ip/design_1_processing_system7_0_0/design_1_processing_system7_0_0/design_1_processing_system7_0_0_in_context.xdc, line 237).
Applied set_property IO_BUFFER_TYPE = NONE for FIXED_IO_mio[50]. (constraint file  f:/Vivado/2023_pl_new/2023_step2_by_ygw/2023_step2_by_ygw.srcs/sources_1/bd/design_1/ip/design_1_processing_system7_0_0/design_1_processing_system7_0_0/design_1_processing_system7_0_0_in_context.xdc, line 238).
Applied set_property CLOCK_BUFFER_TYPE = NONE for FIXED_IO_mio[50]. (constraint file  f:/Vivado/2023_pl_new/2023_step2_by_ygw/2023_step2_by_ygw.srcs/sources_1/bd/design_1/ip/design_1_processing_system7_0_0/design_1_processing_system7_0_0/design_1_processing_system7_0_0_in_context.xdc, line 239).
Applied set_property IO_BUFFER_TYPE = NONE for FIXED_IO_mio[51]. (constraint file  f:/Vivado/2023_pl_new/2023_step2_by_ygw/2023_step2_by_ygw.srcs/sources_1/bd/design_1/ip/design_1_processing_system7_0_0/design_1_processing_system7_0_0/design_1_processing_system7_0_0_in_context.xdc, line 240).
Applied set_property CLOCK_BUFFER_TYPE = NONE for FIXED_IO_mio[51]. (constraint file  f:/Vivado/2023_pl_new/2023_step2_by_ygw/2023_step2_by_ygw.srcs/sources_1/bd/design_1/ip/design_1_processing_system7_0_0/design_1_processing_system7_0_0/design_1_processing_system7_0_0_in_context.xdc, line 241).
Applied set_property IO_BUFFER_TYPE = NONE for FIXED_IO_mio[52]. (constraint file  f:/Vivado/2023_pl_new/2023_step2_by_ygw/2023_step2_by_ygw.srcs/sources_1/bd/design_1/ip/design_1_processing_system7_0_0/design_1_processing_system7_0_0/design_1_processing_system7_0_0_in_context.xdc, line 242).
Applied set_property CLOCK_BUFFER_TYPE = NONE for FIXED_IO_mio[52]. (constraint file  f:/Vivado/2023_pl_new/2023_step2_by_ygw/2023_step2_by_ygw.srcs/sources_1/bd/design_1/ip/design_1_processing_system7_0_0/design_1_processing_system7_0_0/design_1_processing_system7_0_0_in_context.xdc, line 243).
Applied set_property IO_BUFFER_TYPE = NONE for FIXED_IO_mio[53]. (constraint file  f:/Vivado/2023_pl_new/2023_step2_by_ygw/2023_step2_by_ygw.srcs/sources_1/bd/design_1/ip/design_1_processing_system7_0_0/design_1_processing_system7_0_0/design_1_processing_system7_0_0_in_context.xdc, line 244).
Applied set_property CLOCK_BUFFER_TYPE = NONE for FIXED_IO_mio[53]. (constraint file  f:/Vivado/2023_pl_new/2023_step2_by_ygw/2023_step2_by_ygw.srcs/sources_1/bd/design_1/ip/design_1_processing_system7_0_0/design_1_processing_system7_0_0/design_1_processing_system7_0_0_in_context.xdc, line 245).
Applied set_property IO_BUFFER_TYPE = NONE for FIXED_IO_mio[5]. (constraint file  f:/Vivado/2023_pl_new/2023_step2_by_ygw/2023_step2_by_ygw.srcs/sources_1/bd/design_1/ip/design_1_processing_system7_0_0/design_1_processing_system7_0_0/design_1_processing_system7_0_0_in_context.xdc, line 246).
Applied set_property CLOCK_BUFFER_TYPE = NONE for FIXED_IO_mio[5]. (constraint file  f:/Vivado/2023_pl_new/2023_step2_by_ygw/2023_step2_by_ygw.srcs/sources_1/bd/design_1/ip/design_1_processing_system7_0_0/design_1_processing_system7_0_0/design_1_processing_system7_0_0_in_context.xdc, line 247).
Applied set_property IO_BUFFER_TYPE = NONE for FIXED_IO_mio[6]. (constraint file  f:/Vivado/2023_pl_new/2023_step2_by_ygw/2023_step2_by_ygw.srcs/sources_1/bd/design_1/ip/design_1_processing_system7_0_0/design_1_processing_system7_0_0/design_1_processing_system7_0_0_in_context.xdc, line 248).
Applied set_property CLOCK_BUFFER_TYPE = NONE for FIXED_IO_mio[6]. (constraint file  f:/Vivado/2023_pl_new/2023_step2_by_ygw/2023_step2_by_ygw.srcs/sources_1/bd/design_1/ip/design_1_processing_system7_0_0/design_1_processing_system7_0_0/design_1_processing_system7_0_0_in_context.xdc, line 249).
Applied set_property IO_BUFFER_TYPE = NONE for FIXED_IO_mio[7]. (constraint file  f:/Vivado/2023_pl_new/2023_step2_by_ygw/2023_step2_by_ygw.srcs/sources_1/bd/design_1/ip/design_1_processing_system7_0_0/design_1_processing_system7_0_0/design_1_processing_system7_0_0_in_context.xdc, line 250).
Applied set_property CLOCK_BUFFER_TYPE = NONE for FIXED_IO_mio[7]. (constraint file  f:/Vivado/2023_pl_new/2023_step2_by_ygw/2023_step2_by_ygw.srcs/sources_1/bd/design_1/ip/design_1_processing_system7_0_0/design_1_processing_system7_0_0/design_1_processing_system7_0_0_in_context.xdc, line 251).
Applied set_property IO_BUFFER_TYPE = NONE for FIXED_IO_mio[8]. (constraint file  f:/Vivado/2023_pl_new/2023_step2_by_ygw/2023_step2_by_ygw.srcs/sources_1/bd/design_1/ip/design_1_processing_system7_0_0/design_1_processing_system7_0_0/design_1_processing_system7_0_0_in_context.xdc, line 252).
Applied set_property CLOCK_BUFFER_TYPE = NONE for FIXED_IO_mio[8]. (constraint file  f:/Vivado/2023_pl_new/2023_step2_by_ygw/2023_step2_by_ygw.srcs/sources_1/bd/design_1/ip/design_1_processing_system7_0_0/design_1_processing_system7_0_0/design_1_processing_system7_0_0_in_context.xdc, line 253).
Applied set_property IO_BUFFER_TYPE = NONE for FIXED_IO_mio[9]. (constraint file  f:/Vivado/2023_pl_new/2023_step2_by_ygw/2023_step2_by_ygw.srcs/sources_1/bd/design_1/ip/design_1_processing_system7_0_0/design_1_processing_system7_0_0/design_1_processing_system7_0_0_in_context.xdc, line 254).
Applied set_property CLOCK_BUFFER_TYPE = NONE for FIXED_IO_mio[9]. (constraint file  f:/Vivado/2023_pl_new/2023_step2_by_ygw/2023_step2_by_ygw.srcs/sources_1/bd/design_1/ip/design_1_processing_system7_0_0/design_1_processing_system7_0_0/design_1_processing_system7_0_0_in_context.xdc, line 255).
Applied set_property IO_BUFFER_TYPE = NONE for FIXED_IO_ps_clk. (constraint file  f:/Vivado/2023_pl_new/2023_step2_by_ygw/2023_step2_by_ygw.srcs/sources_1/bd/design_1/ip/design_1_processing_system7_0_0/design_1_processing_system7_0_0/design_1_processing_system7_0_0_in_context.xdc, line 256).
Applied set_property CLOCK_BUFFER_TYPE = NONE for FIXED_IO_ps_clk. (constraint file  f:/Vivado/2023_pl_new/2023_step2_by_ygw/2023_step2_by_ygw.srcs/sources_1/bd/design_1/ip/design_1_processing_system7_0_0/design_1_processing_system7_0_0/design_1_processing_system7_0_0_in_context.xdc, line 257).
Applied set_property IO_BUFFER_TYPE = NONE for FIXED_IO_ps_porb. (constraint file  f:/Vivado/2023_pl_new/2023_step2_by_ygw/2023_step2_by_ygw.srcs/sources_1/bd/design_1/ip/design_1_processing_system7_0_0/design_1_processing_system7_0_0/design_1_processing_system7_0_0_in_context.xdc, line 258).
Applied set_property CLOCK_BUFFER_TYPE = NONE for FIXED_IO_ps_porb. (constraint file  f:/Vivado/2023_pl_new/2023_step2_by_ygw/2023_step2_by_ygw.srcs/sources_1/bd/design_1/ip/design_1_processing_system7_0_0/design_1_processing_system7_0_0/design_1_processing_system7_0_0_in_context.xdc, line 259).
Applied set_property IO_BUFFER_TYPE = NONE for FIXED_IO_ps_srstb. (constraint file  f:/Vivado/2023_pl_new/2023_step2_by_ygw/2023_step2_by_ygw.srcs/sources_1/bd/design_1/ip/design_1_processing_system7_0_0/design_1_processing_system7_0_0/design_1_processing_system7_0_0_in_context.xdc, line 260).
Applied set_property CLOCK_BUFFER_TYPE = NONE for FIXED_IO_ps_srstb. (constraint file  f:/Vivado/2023_pl_new/2023_step2_by_ygw/2023_step2_by_ygw.srcs/sources_1/bd/design_1/ip/design_1_processing_system7_0_0/design_1_processing_system7_0_0/design_1_processing_system7_0_0_in_context.xdc, line 261).
Applied set_property DONT_TOUCH = true for design_1_i. (constraint file  auto generated constraint, line ).
Applied set_property DONT_TOUCH = true for design_1_i/feature_bram_writer_0. (constraint file  auto generated constraint, line ).
Applied set_property DONT_TOUCH = true for design_1_i/processing_system7_0. (constraint file  auto generated constraint, line ).
Applied set_property DONT_TOUCH = true for design_1_i/axi_bram_ctrl_0. (constraint file  auto generated constraint, line ).
Applied set_property DONT_TOUCH = true for design_1_i/blk_mem_gen_0. (constraint file  auto generated constraint, line ).
Applied set_property DONT_TOUCH = true for design_1_i/rst_ps7_0_60M. (constraint file  auto generated constraint, line ).
Applied set_property DONT_TOUCH = true for design_1_i/axi_smc. (constraint file  auto generated constraint, line ).
Applied set_property DONT_TOUCH = true for design_1_i/xlconstant_0. (constraint file  auto generated constraint, line ).
Applied set_property DONT_TOUCH = true for design_1_i/xlconstant_1. (constraint file  auto generated constraint, line ).
Applied set_property DONT_TOUCH = true for design_1_i/ddc_stage1_pl2_top_0. (constraint file  auto generated constraint, line ).
Applied set_property DONT_TOUCH = true for design_1_i/ad9226_stage1_driver_0. (constraint file  auto generated constraint, line ).
Applied set_property DONT_TOUCH = true for design_1_i/clk_wiz_0. (constraint file  auto generated constraint, line ).
Applied set_property DONT_TOUCH = true for design_1_i/util_vector_logic_0. (constraint file  auto generated constraint, line ).
Applied set_property DONT_TOUCH = true for design_1_i/util_vector_logic_1. (constraint file  auto generated constraint, line ).
Applied set_property DONT_TOUCH = true for design_1_i/rst_sample_60M. (constraint file  auto generated constraint, line ).
Applied set_property DONT_TOUCH = true for design_1_i/demod_pool_core_bpsk_0. (constraint file  auto generated constraint, line ).
Applied set_property DONT_TOUCH = true for design_1_i/ila_bpsk_0. (constraint file  auto generated constraint, line ).
---------------------------------------------------------------------------------
Finished applying 'set_property' XDC Constraints : Time (s): cpu = 00:00:06 ; elapsed = 00:00:08 . Memory (MB): peak = 878.656 ; gain = 464.109
---------------------------------------------------------------------------------
---------------------------------------------------------------------------------
Finished RTL Optimization Phase 2 : Time (s): cpu = 00:00:06 ; elapsed = 00:00:08 . Memory (MB): peak = 878.656 ; gain = 464.109
---------------------------------------------------------------------------------

Report RTL Partitions: 
+-+--------------+------------+----------+
| |RTL Partition |Replication |Instances |
+-+--------------+------------+----------+
+-+--------------+------------+----------+
---------------------------------------------------------------------------------
Start RTL Component Statistics 
---------------------------------------------------------------------------------
Detailed RTL Component Info : 
---------------------------------------------------------------------------------
Finished RTL Component Statistics 
---------------------------------------------------------------------------------
---------------------------------------------------------------------------------
Start RTL Hierarchical Component Statistics 
---------------------------------------------------------------------------------
Hierarchical RTL Component report 
---------------------------------------------------------------------------------
Finished RTL Hierarchical Component Statistics
---------------------------------------------------------------------------------
---------------------------------------------------------------------------------
Start Part Resource Summary
---------------------------------------------------------------------------------
Part Resources:
DSPs: 220 (col length:60)
BRAMs: 280 (col length: RAMB18 60 RAMB36 30)
---------------------------------------------------------------------------------
Finished Part Resource Summary
---------------------------------------------------------------------------------
---------------------------------------------------------------------------------
Start Cross Boundary and Area Optimization
---------------------------------------------------------------------------------
Warning: Parallel synthesis criteria is not met 
---------------------------------------------------------------------------------
Finished Cross Boundary and Area Optimization : Time (s): cpu = 00:00:06 ; elapsed = 00:00:08 . Memory (MB): peak = 878.656 ; gain = 464.109
---------------------------------------------------------------------------------

Report RTL Partitions: 
+-+--------------+------------+----------+
| |RTL Partition |Replication |Instances |
+-+--------------+------------+----------+
+-+--------------+------------+----------+
---------------------------------------------------------------------------------
Start Applying XDC Timing Constraints
---------------------------------------------------------------------------------
INFO: [Synth 8-5578] Moved timing constraint from pin 'design_1_i/processing_system7_0/FCLK_CLK0' to pin 'design_1_i/processing_system7_0/bbstub_FCLK_CLK0/O'
INFO: [Synth 8-5578] Moved timing constraint from pin 'design_1_i/axi_bram_ctrl_0/bram_clk_a' to pin 'design_1_i/axi_bram_ctrl_0/bbstub_bram_clk_a/O'
INFO: [Synth 8-5578] Moved timing constraint from pin 'design_1_i/clk_wiz_0/clk_in1' to pin 'design_1_i/processing_system7_0/bbstub_FCLK_CLK0/O'
INFO: [Synth 8-5578] Moved timing constraint from pin 'design_1_i/clk_wiz_0/clk_out1' to pin 'design_1_i/clk_wiz_0/bbstub_clk_out1/O'
INFO: [Synth 8-5783] Moving clock source from hierarchical pin 'design_1_i/clk_wiz_0/clk_in1' to 'design_1_i/processing_system7_0/bbstub_FCLK_CLK0/O'
INFO: [Synth 8-5578] Moved timing constraint from pin 'design_1_i/clk_wiz_0/clk_out2' to pin 'design_1_i/clk_wiz_0/bbstub_clk_out2/O'
INFO: [Synth 8-5783] Moving clock source from hierarchical pin 'design_1_i/clk_wiz_0/clk_in1' to 'design_1_i/processing_system7_0/bbstub_FCLK_CLK0/O'
INFO: [Synth 8-5819] Moved 5 constraints on hierarchical pins to their respective driving/loading pins
---------------------------------------------------------------------------------
Finished Applying XDC Timing Constraints : Time (s): cpu = 00:00:10 ; elapsed = 00:00:12 . Memory (MB): peak = 909.777 ; gain = 495.230
---------------------------------------------------------------------------------
---------------------------------------------------------------------------------
Start Timing Optimization
---------------------------------------------------------------------------------
---------------------------------------------------------------------------------
Finished Timing Optimization : Time (s): cpu = 00:00:10 ; elapsed = 00:00:12 . Memory (MB): peak = 909.926 ; gain = 495.379
---------------------------------------------------------------------------------

Report RTL Partitions: 
+-+--------------+------------+----------+
| |RTL Partition |Replication |Instances |
+-+--------------+------------+----------+
+-+--------------+------------+----------+
---------------------------------------------------------------------------------
Start Technology Mapping
---------------------------------------------------------------------------------
---------------------------------------------------------------------------------
Finished Technology Mapping : Time (s): cpu = 00:00:10 ; elapsed = 00:00:12 . Memory (MB): peak = 920.383 ; gain = 505.836
---------------------------------------------------------------------------------

Report RTL Partitions: 
+-+--------------+------------+----------+
| |RTL Partition |Replication |Instances |
+-+--------------+------------+----------+
+-+--------------+------------+----------+
---------------------------------------------------------------------------------
Start IO Insertion
---------------------------------------------------------------------------------
---------------------------------------------------------------------------------
Start Flattening Before IO Insertion
---------------------------------------------------------------------------------
---------------------------------------------------------------------------------
Finished Flattening Before IO Insertion
---------------------------------------------------------------------------------
---------------------------------------------------------------------------------
Start Final Netlist Cleanup
---------------------------------------------------------------------------------
---------------------------------------------------------------------------------
Finished Final Netlist Cleanup
---------------------------------------------------------------------------------
---------------------------------------------------------------------------------
Finished IO Insertion : Time (s): cpu = 00:00:10 ; elapsed = 00:00:12 . Memory (MB): peak = 920.383 ; gain = 505.836
---------------------------------------------------------------------------------

Report Check Netlist: 
+------+------------------+-------+---------+-------+------------------+
|      |Item              |Errors |Warnings |Status |Description       |
+------+------------------+-------+---------+-------+------------------+
|1     |multi_driven_nets |      0|        0|Passed |Multi driven nets |
+------+------------------+-------+---------+-------+------------------+
---------------------------------------------------------------------------------
Start Renaming Generated Instances
---------------------------------------------------------------------------------
---------------------------------------------------------------------------------
Finished Renaming Generated Instances : Time (s): cpu = 00:00:10 ; elapsed = 00:00:12 . Memory (MB): peak = 920.383 ; gain = 505.836
---------------------------------------------------------------------------------

Report RTL Partitions: 
+-+--------------+------------+----------+
| |RTL Partition |Replication |Instances |
+-+--------------+------------+----------+
+-+--------------+------------+----------+
---------------------------------------------------------------------------------
Start Rebuilding User Hierarchy
---------------------------------------------------------------------------------
---------------------------------------------------------------------------------
Finished Rebuilding User Hierarchy : Time (s): cpu = 00:00:10 ; elapsed = 00:00:12 . Memory (MB): peak = 920.383 ; gain = 505.836
---------------------------------------------------------------------------------
---------------------------------------------------------------------------------
Start Renaming Generated Ports
---------------------------------------------------------------------------------
---------------------------------------------------------------------------------
Finished Renaming Generated Ports : Time (s): cpu = 00:00:10 ; elapsed = 00:00:12 . Memory (MB): peak = 920.383 ; gain = 505.836
---------------------------------------------------------------------------------
---------------------------------------------------------------------------------
Start Handling Custom Attributes
---------------------------------------------------------------------------------
---------------------------------------------------------------------------------
Finished Handling Custom Attributes : Time (s): cpu = 00:00:10 ; elapsed = 00:00:12 . Memory (MB): peak = 920.383 ; gain = 505.836
---------------------------------------------------------------------------------
---------------------------------------------------------------------------------
Start Renaming Generated Nets
---------------------------------------------------------------------------------
---------------------------------------------------------------------------------
Finished Renaming Generated Nets : Time (s): cpu = 00:00:10 ; elapsed = 00:00:12 . Memory (MB): peak = 920.383 ; gain = 505.836
---------------------------------------------------------------------------------
---------------------------------------------------------------------------------
Start Writing Synthesis Report
---------------------------------------------------------------------------------

Report BlackBoxes: 
+------+----------------------------------+----------+
|      |BlackBox name                     |Instances |
+------+----------------------------------+----------+
|1     |design_1_ad9226_stage1_driver_0_0 |         1|
|2     |design_1_axi_bram_ctrl_0_0        |         1|
|3     |design_1_axi_smc_1                |         1|
|4     |design_1_blk_mem_gen_0_0          |         1|
|5     |design_1_clk_wiz_0_0              |         1|
|6     |design_1_ddc_stage1_pl2_top_0_0   |         1|
|7     |design_1_demod_pool_core_bpsk_0_0 |         1|
|8     |design_1_feature_bram_writer_0_0  |         1|
|9     |design_1_ila_bpsk_0_0             |         1|
|10    |design_1_processing_system7_0_0   |         1|
|11    |design_1_rst_ps7_0_100M_1         |         1|
|12    |design_1_proc_sys_reset_0_1       |         1|
|13    |design_1_util_vector_logic_0_0    |         1|
|14    |design_1_util_vector_logic_0_1    |         1|
+------+----------------------------------+----------+

Report Cell Usage: 
+------+----------------------------------+------+
|      |Cell                              |Count |
+------+----------------------------------+------+
|1     |design_1_ad9226_stage1_driver_0_0 |     1|
|2     |design_1_axi_bram_ctrl_0_0        |     1|
|3     |design_1_axi_smc_1                |     1|
|4     |design_1_blk_mem_gen_0_0          |     1|
|5     |design_1_clk_wiz_0_0              |     1|
|6     |design_1_ddc_stage1_pl2_top_0_0   |     1|
|7     |design_1_demod_pool_core_bpsk_0_0 |     1|
|8     |design_1_feature_bram_writer_0_0  |     1|
|9     |design_1_ila_bpsk_0_0             |     1|
|10    |design_1_proc_sys_reset_0_1       |     1|
|11    |design_1_processing_system7_0_0   |     1|
|12    |design_1_rst_ps7_0_100M_1         |     1|
|13    |design_1_util_vector_logic_0_0    |     1|
|14    |design_1_util_vector_logic_0_1    |     1|
|15    |IBUF                              |    13|
|16    |OBUF                              |     1|
+------+----------------------------------+------+

Report Instance Areas: 
+------+-----------------+------------------------+------+
|      |Instance         |Module                  |Cells |
+------+-----------------+------------------------+------+
|1     |top              |                        |  1063|
|2     |  design_1_i     |design_1                |  1049|
|3     |    xlconstant_0 |design_1_xlconstant_0_0 |     0|
|4     |    xlconstant_1 |design_1_xlconstant_1_0 |     0|
+------+-----------------+------------------------+------+
---------------------------------------------------------------------------------
Finished Writing Synthesis Report : Time (s): cpu = 00:00:10 ; elapsed = 00:00:12 . Memory (MB): peak = 920.383 ; gain = 505.836
---------------------------------------------------------------------------------
Synthesis finished with 0 errors, 0 critical warnings and 0 warnings.
Synthesis Optimization Runtime : Time (s): cpu = 00:00:06 ; elapsed = 00:00:08 . Memory (MB): peak = 920.383 ; gain = 195.074
Synthesis Optimization Complete : Time (s): cpu = 00:00:11 ; elapsed = 00:00:13 . Memory (MB): peak = 920.383 ; gain = 505.836
INFO: [Project 1-571] Translating synthesized netlist
INFO: [Project 1-570] Preparing netlist for logic optimization
INFO: [Opt 31-138] Pushed 0 inverter(s) to 0 load pin(s).
Netlist sorting complete. Time (s): cpu = 00:00:00 ; elapsed = 00:00:00 . Memory (MB): peak = 931.027 ; gain = 0.000
INFO: [Project 1-111] Unisim Transformation Summary:
No Unisim elements were transformed.

INFO: [Common 17-83] Releasing license: Synthesis
65 Infos, 33 Warnings, 0 Critical Warnings and 0 Errors encountered.
synth_design completed successfully
synth_design: Time (s): cpu = 00:00:12 ; elapsed = 00:00:15 . Memory (MB): peak = 931.027 ; gain = 518.207
Netlist sorting complete. Time (s): cpu = 00:00:00 ; elapsed = 00:00:00 . Memory (MB): peak = 931.027 ; gain = 0.000
WARNING: [Constraints 18-5210] No constraints selected for write.
Resolution: This message can indicate that there are no constraints for the design, or it can indicate that the used_in flags are set such that the constraints are ignored. This later case is used when running synth_design to not write synthesis constraints to the resulting checkpoint. Instead, project constraints are read when the synthesized design is opened.
INFO: [Common 17-1381] The checkpoint 'F:/Vivado/2023_pl_new/2023_step2_by_ygw/2023_step2_by_ygw.runs/synth_1/design_1_wrapper.dcp' has been generated.
INFO: [runtcl-4] Executing : report_utilization -file design_1_wrapper_utilization_synth.rpt -pb design_1_wrapper_utilization_synth.pb
INFO: [Common 17-206] Exiting Vivado at Sat Jul 25 18:05:07 2026...
[Sat Jul 25 18:05:10 2026] synth_1 finished
wait_on_run: Time (s): cpu = 00:00:00 ; elapsed = 00:00:35 . Memory (MB): peak = 423.500 ; gain = 0.000
# if {[get_property STATUS [get_runs synth_1]] ne {synth_design Complete!}} {
#     error "Synthesis failed: [get_property STATUS [get_runs synth_1]]"
# }
# launch_runs impl_1 -to_step route_design -jobs 8
[Sat Jul 25 18:05:16 2026] Launched impl_1...
Run output will be captured here: F:/Vivado/2023_pl_new/2023_step2_by_ygw/2023_step2_by_ygw.runs/impl_1/runme.log
launch_runs: Time (s): cpu = 00:00:00 ; elapsed = 00:00:07 . Memory (MB): peak = 423.500 ; gain = 0.000
# wait_on_run impl_1
[Sat Jul 25 18:05:16 2026] Waiting for impl_1 to finish...

*** Running vivado
    with args -log design_1_wrapper.vdi -applog -m64 -product Vivado -messageDb vivado.pb -mode batch -source design_1_wrapper.tcl -notrace


****** Vivado v2018.3 (64-bit)
  **** SW Build 2405991 on Thu Dec  6 23:38:27 MST 2018
  **** IP Build 2404404 on Fri Dec  7 01:43:56 MST 2018
    ** Copyright 1986-2018 Xilinx, Inc. All Rights Reserved.

source design_1_wrapper.tcl -notrace
add_files: Time (s): cpu = 00:00:02 ; elapsed = 00:00:09 . Memory (MB): peak = 414.230 ; gain = 51.723
Command: link_design -top design_1_wrapper -part xc7z020clg400-2
Design is defaulting to srcset: sources_1
Design is defaulting to constrset: constrs_1
INFO: [Project 1-454] Reading design checkpoint 'f:/Vivado/2023_pl_new/2023_step2_by_ygw/2023_step2_by_ygw.srcs/sources_1/bd/design_1/ip/design_1_ad9226_stage1_driver_0_0/design_1_ad9226_stage1_driver_0_0.dcp' for cell 'design_1_i/ad9226_stage1_driver_0'
INFO: [Project 1-454] Reading design checkpoint 'f:/Vivado/2023_pl_new/2023_step2_by_ygw/2023_step2_by_ygw.srcs/sources_1/bd/design_1/ip/design_1_axi_bram_ctrl_0_0/design_1_axi_bram_ctrl_0_0.dcp' for cell 'design_1_i/axi_bram_ctrl_0'
INFO: [Project 1-454] Reading design checkpoint 'f:/Vivado/2023_pl_new/2023_step2_by_ygw/2023_step2_by_ygw.srcs/sources_1/bd/design_1/ip/design_1_axi_smc_1/design_1_axi_smc_1.dcp' for cell 'design_1_i/axi_smc'
INFO: [Project 1-454] Reading design checkpoint 'f:/Vivado/2023_pl_new/2023_step2_by_ygw/2023_step2_by_ygw.srcs/sources_1/bd/design_1/ip/design_1_blk_mem_gen_0_0/design_1_blk_mem_gen_0_0.dcp' for cell 'design_1_i/blk_mem_gen_0'
INFO: [Project 1-454] Reading design checkpoint 'f:/Vivado/2023_pl_new/2023_step2_by_ygw/2023_step2_by_ygw.srcs/sources_1/bd/design_1/ip/design_1_clk_wiz_0_0/design_1_clk_wiz_0_0.dcp' for cell 'design_1_i/clk_wiz_0'
INFO: [Project 1-454] Reading design checkpoint 'f:/Vivado/2023_pl_new/2023_step2_by_ygw/2023_step2_by_ygw.srcs/sources_1/bd/design_1/ip/design_1_ddc_stage1_pl2_top_0_0/design_1_ddc_stage1_pl2_top_0_0.dcp' for cell 'design_1_i/ddc_stage1_pl2_top_0'
INFO: [Project 1-454] Reading design checkpoint 'f:/Vivado/2023_pl_new/2023_step2_by_ygw/2023_step2_by_ygw.srcs/sources_1/bd/design_1/ip/design_1_demod_pool_core_bpsk_0_0/design_1_demod_pool_core_bpsk_0_0.dcp' for cell 'design_1_i/demod_pool_core_bpsk_0'
INFO: [Project 1-454] Reading design checkpoint 'f:/Vivado/2023_pl_new/2023_step2_by_ygw/2023_step2_by_ygw.srcs/sources_1/bd/design_1/ip/design_1_feature_bram_writer_0_0/design_1_feature_bram_writer_0_0.dcp' for cell 'design_1_i/feature_bram_writer_0'
INFO: [Project 1-454] Reading design checkpoint 'f:/Vivado/2023_pl_new/2023_step2_by_ygw/2023_step2_by_ygw.srcs/sources_1/bd/design_1/ip/design_1_ila_bpsk_0_0/design_1_ila_bpsk_0_0.dcp' for cell 'design_1_i/ila_bpsk_0'
INFO: [Project 1-454] Reading design checkpoint 'f:/Vivado/2023_pl_new/2023_step2_by_ygw/2023_step2_by_ygw.srcs/sources_1/bd/design_1/ip/design_1_processing_system7_0_0/design_1_processing_system7_0_0.dcp' for cell 'design_1_i/processing_system7_0'
INFO: [Project 1-454] Reading design checkpoint 'f:/Vivado/2023_pl_new/2023_step2_by_ygw/2023_step2_by_ygw.srcs/sources_1/bd/design_1/ip/design_1_rst_ps7_0_100M_1/design_1_rst_ps7_0_100M_1.dcp' for cell 'design_1_i/rst_ps7_0_60M'
INFO: [Project 1-454] Reading design checkpoint 'f:/Vivado/2023_pl_new/2023_step2_by_ygw/2023_step2_by_ygw.srcs/sources_1/bd/design_1/ip/design_1_proc_sys_reset_0_1/design_1_proc_sys_reset_0_1.dcp' for cell 'design_1_i/rst_sample_60M'
INFO: [Project 1-454] Reading design checkpoint 'f:/Vivado/2023_pl_new/2023_step2_by_ygw/2023_step2_by_ygw.srcs/sources_1/bd/design_1/ip/design_1_util_vector_logic_0_0/design_1_util_vector_logic_0_0.dcp' for cell 'design_1_i/util_vector_logic_0'
INFO: [Project 1-454] Reading design checkpoint 'f:/Vivado/2023_pl_new/2023_step2_by_ygw/2023_step2_by_ygw.srcs/sources_1/bd/design_1/ip/design_1_util_vector_logic_0_1/design_1_util_vector_logic_0_1.dcp' for cell 'design_1_i/util_vector_logic_1'
INFO: [Netlist 29-17] Analyzing 2940 Unisim elements for replacement
INFO: [Netlist 29-28] Unisim Transformation completed in 0 CPU seconds
INFO: [Project 1-479] Netlist was created with Vivado 2018.3
INFO: [Device 21-403] Loading part xc7z020clg400-2
INFO: [Project 1-570] Preparing netlist for logic optimization
WARNING: [Opt 31-32] Removing redundant IBUF since it is not being driven by a top-level port. design_1_i/clk_wiz_0/inst/clkin1_ibufg 
Resolution: The tool has removed redundant IBUF. To resolve this warning, check for redundant IBUF in the input design.
WARNING: [Constraints 18-550] Could not create 'IBUF_LOW_PWR' constraint because net 'design_1_i/clk_wiz_0/clk_in1' is not directly connected to top level port. Synthesis is ignored for IBUF_LOW_PWR but preserved for implementation.
INFO: [Chipscope 16-324] Core: design_1_i/ila_bpsk_0 UUID: 9b5b8d06-65a9-5bae-9180-38ba20404ea8 
Parsing XDC File [f:/Vivado/2023_pl_new/2023_step2_by_ygw/2023_step2_by_ygw.srcs/sources_1/bd/design_1/ip/design_1_processing_system7_0_0/design_1_processing_system7_0_0.xdc] for cell 'design_1_i/processing_system7_0/inst'
WARNING: [Vivado 12-2489] -input_jitter contains time 0.499980 which will be rounded to 0.500 to ensure it is an integer multiple of 1 picosecond [f:/Vivado/2023_pl_new/2023_step2_by_ygw/2023_step2_by_ygw.srcs/sources_1/bd/design_1/ip/design_1_processing_system7_0_0/design_1_processing_system7_0_0.xdc:21]
Finished Parsing XDC File [f:/Vivado/2023_pl_new/2023_step2_by_ygw/2023_step2_by_ygw.srcs/sources_1/bd/design_1/ip/design_1_processing_system7_0_0/design_1_processing_system7_0_0.xdc] for cell 'design_1_i/processing_system7_0/inst'
Parsing XDC File [f:/Vivado/2023_pl_new/2023_step2_by_ygw/2023_step2_by_ygw.srcs/sources_1/bd/design_1/ip/design_1_rst_ps7_0_100M_1/design_1_rst_ps7_0_100M_1_board.xdc] for cell 'design_1_i/rst_ps7_0_60M/U0'
Finished Parsing XDC File [f:/Vivado/2023_pl_new/2023_step2_by_ygw/2023_step2_by_ygw.srcs/sources_1/bd/design_1/ip/design_1_rst_ps7_0_100M_1/design_1_rst_ps7_0_100M_1_board.xdc] for cell 'design_1_i/rst_ps7_0_60M/U0'
Parsing XDC File [f:/Vivado/2023_pl_new/2023_step2_by_ygw/2023_step2_by_ygw.srcs/sources_1/bd/design_1/ip/design_1_rst_ps7_0_100M_1/design_1_rst_ps7_0_100M_1.xdc] for cell 'design_1_i/rst_ps7_0_60M/U0'
Finished Parsing XDC File [f:/Vivado/2023_pl_new/2023_step2_by_ygw/2023_step2_by_ygw.srcs/sources_1/bd/design_1/ip/design_1_rst_ps7_0_100M_1/design_1_rst_ps7_0_100M_1.xdc] for cell 'design_1_i/rst_ps7_0_60M/U0'
Parsing XDC File [f:/Vivado/2023_pl_new/2023_step2_by_ygw/2023_step2_by_ygw.srcs/sources_1/bd/design_1/ip/design_1_axi_smc_1/bd_0/ip/ip_1/bd_6f02_psr_aclk_0_board.xdc] for cell 'design_1_i/axi_smc/inst/clk_map/psr_aclk/U0'
Finished Parsing XDC File [f:/Vivado/2023_pl_new/2023_step2_by_ygw/2023_step2_by_ygw.srcs/sources_1/bd/design_1/ip/design_1_axi_smc_1/bd_0/ip/ip_1/bd_6f02_psr_aclk_0_board.xdc] for cell 'design_1_i/axi_smc/inst/clk_map/psr_aclk/U0'
Parsing XDC File [f:/Vivado/2023_pl_new/2023_step2_by_ygw/2023_step2_by_ygw.srcs/sources_1/bd/design_1/ip/design_1_axi_smc_1/bd_0/ip/ip_1/bd_6f02_psr_aclk_0.xdc] for cell 'design_1_i/axi_smc/inst/clk_map/psr_aclk/U0'
Finished Parsing XDC File [f:/Vivado/2023_pl_new/2023_step2_by_ygw/2023_step2_by_ygw.srcs/sources_1/bd/design_1/ip/design_1_axi_smc_1/bd_0/ip/ip_1/bd_6f02_psr_aclk_0.xdc] for cell 'design_1_i/axi_smc/inst/clk_map/psr_aclk/U0'
Parsing XDC File [f:/Vivado/2023_pl_new/2023_step2_by_ygw/2023_step2_by_ygw.srcs/sources_1/bd/design_1/ip/design_1_clk_wiz_0_0/design_1_clk_wiz_0_0_board.xdc] for cell 'design_1_i/clk_wiz_0/inst'
Finished Parsing XDC File [f:/Vivado/2023_pl_new/2023_step2_by_ygw/2023_step2_by_ygw.srcs/sources_1/bd/design_1/ip/design_1_clk_wiz_0_0/design_1_clk_wiz_0_0_board.xdc] for cell 'design_1_i/clk_wiz_0/inst'
Parsing XDC File [f:/Vivado/2023_pl_new/2023_step2_by_ygw/2023_step2_by_ygw.srcs/sources_1/bd/design_1/ip/design_1_clk_wiz_0_0/design_1_clk_wiz_0_0.xdc] for cell 'design_1_i/clk_wiz_0/inst'
INFO: [Timing 38-35] Done setting XDC timing constraints. [f:/Vivado/2023_pl_new/2023_step2_by_ygw/2023_step2_by_ygw.srcs/sources_1/bd/design_1/ip/design_1_clk_wiz_0_0/design_1_clk_wiz_0_0.xdc:57]
INFO: [Timing 38-2] Deriving generated clocks [f:/Vivado/2023_pl_new/2023_step2_by_ygw/2023_step2_by_ygw.srcs/sources_1/bd/design_1/ip/design_1_clk_wiz_0_0/design_1_clk_wiz_0_0.xdc:57]
get_clocks: Time (s): cpu = 00:00:06 ; elapsed = 00:00:05 . Memory (MB): peak = 1492.816 ; gain = 596.195
WARNING: [Vivado 12-2489] -input_jitter contains time 0.166660 which will be rounded to 0.167 to ensure it is an integer multiple of 1 picosecond [f:/Vivado/2023_pl_new/2023_step2_by_ygw/2023_step2_by_ygw.srcs/sources_1/bd/design_1/ip/design_1_clk_wiz_0_0/design_1_clk_wiz_0_0.xdc:57]
Finished Parsing XDC File [f:/Vivado/2023_pl_new/2023_step2_by_ygw/2023_step2_by_ygw.srcs/sources_1/bd/design_1/ip/design_1_clk_wiz_0_0/design_1_clk_wiz_0_0.xdc] for cell 'design_1_i/clk_wiz_0/inst'
Parsing XDC File [f:/Vivado/2023_pl_new/2023_step2_by_ygw/2023_step2_by_ygw.srcs/sources_1/bd/design_1/ip/design_1_proc_sys_reset_0_1/design_1_proc_sys_reset_0_1_board.xdc] for cell 'design_1_i/rst_sample_60M/U0'
Finished Parsing XDC File [f:/Vivado/2023_pl_new/2023_step2_by_ygw/2023_step2_by_ygw.srcs/sources_1/bd/design_1/ip/design_1_proc_sys_reset_0_1/design_1_proc_sys_reset_0_1_board.xdc] for cell 'design_1_i/rst_sample_60M/U0'
Parsing XDC File [f:/Vivado/2023_pl_new/2023_step2_by_ygw/2023_step2_by_ygw.srcs/sources_1/bd/design_1/ip/design_1_proc_sys_reset_0_1/design_1_proc_sys_reset_0_1.xdc] for cell 'design_1_i/rst_sample_60M/U0'
Finished Parsing XDC File [f:/Vivado/2023_pl_new/2023_step2_by_ygw/2023_step2_by_ygw.srcs/sources_1/bd/design_1/ip/design_1_proc_sys_reset_0_1/design_1_proc_sys_reset_0_1.xdc] for cell 'design_1_i/rst_sample_60M/U0'
Parsing XDC File [f:/Vivado/2023_pl_new/2023_step2_by_ygw/2023_step2_by_ygw.srcs/sources_1/bd/design_1/ip/design_1_ila_bpsk_0_0/ila_v6_2/constraints/ila_impl.xdc] for cell 'design_1_i/ila_bpsk_0/inst'
Finished Parsing XDC File [f:/Vivado/2023_pl_new/2023_step2_by_ygw/2023_step2_by_ygw.srcs/sources_1/bd/design_1/ip/design_1_ila_bpsk_0_0/ila_v6_2/constraints/ila_impl.xdc] for cell 'design_1_i/ila_bpsk_0/inst'
Parsing XDC File [f:/Vivado/2023_pl_new/2023_step2_by_ygw/2023_step2_by_ygw.srcs/sources_1/bd/design_1/ip/design_1_ila_bpsk_0_0/ila_v6_2/constraints/ila.xdc] for cell 'design_1_i/ila_bpsk_0/inst'
Finished Parsing XDC File [f:/Vivado/2023_pl_new/2023_step2_by_ygw/2023_step2_by_ygw.srcs/sources_1/bd/design_1/ip/design_1_ila_bpsk_0_0/ila_v6_2/constraints/ila.xdc] for cell 'design_1_i/ila_bpsk_0/inst'
Parsing XDC File [F:/Vivado/ad9226_60m_io.xdc]
WARNING: [Vivado 12-584] No ports matched 'adc_db_0[11]'. [F:/Vivado/ad9226_60m_io.xdc:28]
CRITICAL WARNING: [Common 17-55] 'set_property' expects at least one object. [F:/Vivado/ad9226_60m_io.xdc:28]
Resolution: If [get_<value>] was used to populate the object, check to make sure this command returns at least one valid object.
WARNING: [Vivado 12-584] No ports matched 'adc_db_0[10]'. [F:/Vivado/ad9226_60m_io.xdc:29]
CRITICAL WARNING: [Common 17-55] 'set_property' expects at least one object. [F:/Vivado/ad9226_60m_io.xdc:29]
Resolution: If [get_<value>] was used to populate the object, check to make sure this command returns at least one valid object.
WARNING: [Vivado 12-584] No ports matched 'adc_db_0[9]'. [F:/Vivado/ad9226_60m_io.xdc:30]
CRITICAL WARNING: [Common 17-55] 'set_property' expects at least one object. [F:/Vivado/ad9226_60m_io.xdc:30]
Resolution: If [get_<value>] was used to populate the object, check to make sure this command returns at least one valid object.
WARNING: [Vivado 12-584] No ports matched 'adc_db_0[8]'. [F:/Vivado/ad9226_60m_io.xdc:31]
CRITICAL WARNING: [Common 17-55] 'set_property' expects at least one object. [F:/Vivado/ad9226_60m_io.xdc:31]
Resolution: If [get_<value>] was used to populate the object, check to make sure this command returns at least one valid object.
WARNING: [Vivado 12-584] No ports matched 'adc_db_0[7]'. [F:/Vivado/ad9226_60m_io.xdc:32]
CRITICAL WARNING: [Common 17-55] 'set_property' expects at least one object. [F:/Vivado/ad9226_60m_io.xdc:32]
Resolution: If [get_<value>] was used to populate the object, check to make sure this command returns at least one valid object.
WARNING: [Vivado 12-584] No ports matched 'adc_db_0[6]'. [F:/Vivado/ad9226_60m_io.xdc:33]
CRITICAL WARNING: [Common 17-55] 'set_property' expects at least one object. [F:/Vivado/ad9226_60m_io.xdc:33]
Resolution: If [get_<value>] was used to populate the object, check to make sure this command returns at least one valid object.
WARNING: [Vivado 12-584] No ports matched 'adc_db_0[5]'. [F:/Vivado/ad9226_60m_io.xdc:34]
CRITICAL WARNING: [Common 17-55] 'set_property' expects at least one object. [F:/Vivado/ad9226_60m_io.xdc:34]
Resolution: If [get_<value>] was used to populate the object, check to make sure this command returns at least one valid object.
WARNING: [Vivado 12-584] No ports matched 'adc_db_0[4]'. [F:/Vivado/ad9226_60m_io.xdc:35]
CRITICAL WARNING: [Common 17-55] 'set_property' expects at least one object. [F:/Vivado/ad9226_60m_io.xdc:35]
Resolution: If [get_<value>] was used to populate the object, check to make sure this command returns at least one valid object.
WARNING: [Vivado 12-584] No ports matched 'adc_db_0[3]'. [F:/Vivado/ad9226_60m_io.xdc:36]
CRITICAL WARNING: [Common 17-55] 'set_property' expects at least one object. [F:/Vivado/ad9226_60m_io.xdc:36]
Resolution: If [get_<value>] was used to populate the object, check to make sure this command returns at least one valid object.
WARNING: [Vivado 12-584] No ports matched 'adc_db_0[2]'. [F:/Vivado/ad9226_60m_io.xdc:37]
CRITICAL WARNING: [Common 17-55] 'set_property' expects at least one object. [F:/Vivado/ad9226_60m_io.xdc:37]
Resolution: If [get_<value>] was used to populate the object, check to make sure this command returns at least one valid object.
WARNING: [Vivado 12-584] No ports matched 'adc_db_0[1]'. [F:/Vivado/ad9226_60m_io.xdc:38]
CRITICAL WARNING: [Common 17-55] 'set_property' expects at least one object. [F:/Vivado/ad9226_60m_io.xdc:38]
Resolution: If [get_<value>] was used to populate the object, check to make sure this command returns at least one valid object.
WARNING: [Vivado 12-584] No ports matched 'adc_db_0[0]'. [F:/Vivado/ad9226_60m_io.xdc:39]
CRITICAL WARNING: [Common 17-55] 'set_property' expects at least one object. [F:/Vivado/ad9226_60m_io.xdc:39]
Resolution: If [get_<value>] was used to populate the object, check to make sure this command returns at least one valid object.
WARNING: [Vivado 12-584] No ports matched 'adc_otr_0'. [F:/Vivado/ad9226_60m_io.xdc:41]
CRITICAL WARNING: [Common 17-55] 'set_property' expects at least one object. [F:/Vivado/ad9226_60m_io.xdc:41]
Resolution: If [get_<value>] was used to populate the object, check to make sure this command returns at least one valid object.
WARNING: [Vivado 12-584] No ports matched 'adc_db_0[*]'. [F:/Vivado/ad9226_60m_io.xdc:48]
CRITICAL WARNING: [Common 17-55] 'set_property' expects at least one object. [F:/Vivado/ad9226_60m_io.xdc:48]
Resolution: If [get_<value>] was used to populate the object, check to make sure this command returns at least one valid object.
WARNING: [Vivado 12-584] No ports matched 'adc_otr_0'. [F:/Vivado/ad9226_60m_io.xdc:49]
CRITICAL WARNING: [Common 17-55] 'set_property' expects at least one object. [F:/Vivado/ad9226_60m_io.xdc:49]
Resolution: If [get_<value>] was used to populate the object, check to make sure this command returns at least one valid object.
WARNING: [Vivado 12-584] No ports matched 'adc_db_0[*]'. [F:/Vivado/ad9226_60m_io.xdc:85]
WARNING: [Vivado 12-584] No ports matched 'adc_otr_0'. [F:/Vivado/ad9226_60m_io.xdc:85]
CRITICAL WARNING: [Vivado 12-4739] set_input_delay:No valid object(s) found for '-objects [get_ports {{adc_db_0[*]} adc_otr_0}]'. [F:/Vivado/ad9226_60m_io.xdc:85]
Resolution: Check if the specified object(s) exists in the current design. If it does, ensure that the correct design hierarchy was specified for the object. If you are working with clocks, make sure create_clock was used to create the clock object before it is referenced.
WARNING: [Vivado 12-584] No ports matched 'adc_db_0[*]'. [F:/Vivado/ad9226_60m_io.xdc:90]
WARNING: [Vivado 12-584] No ports matched 'adc_otr_0'. [F:/Vivado/ad9226_60m_io.xdc:90]
CRITICAL WARNING: [Vivado 12-4739] set_input_delay:No valid object(s) found for '-objects [get_ports {{adc_db_0[*]} adc_otr_0}]'. [F:/Vivado/ad9226_60m_io.xdc:90]
Resolution: Check if the specified object(s) exists in the current design. If it does, ensure that the correct design hierarchy was specified for the object. If you are working with clocks, make sure create_clock was used to create the clock object before it is referenced.
Finished Parsing XDC File [F:/Vivado/ad9226_60m_io.xdc]
Sourcing Tcl File [D:/xlinks/Vivado/2018.3/data/ip/xpm/xpm_memory/tcl/xpm_memory_xdc.tcl] for cell 'design_1_i/axi_smc/inst/s00_nodes/s00_ar_node/inst/inst_mi_handler/gen_normal_area.inst_fifo_node_payld/gen_xpm_memory_fifo.inst_fifo/gen_mem_rep[0].inst_xpm_memory'
Finished Sourcing Tcl File [D:/xlinks/Vivado/2018.3/data/ip/xpm/xpm_memory/tcl/xpm_memory_xdc.tcl] for cell 'design_1_i/axi_smc/inst/s00_nodes/s00_ar_node/inst/inst_mi_handler/gen_normal_area.inst_fifo_node_payld/gen_xpm_memory_fifo.inst_fifo/gen_mem_rep[0].inst_xpm_memory'
Sourcing Tcl File [D:/xlinks/Vivado/2018.3/data/ip/xpm/xpm_memory/tcl/xpm_memory_xdc.tcl] for cell 'design_1_i/axi_smc/inst/s00_nodes/s00_aw_node/inst/inst_mi_handler/gen_normal_area.inst_fifo_node_payld/gen_xpm_memory_fifo.inst_fifo/gen_mem_rep[0].inst_xpm_memory'
Finished Sourcing Tcl File [D:/xlinks/Vivado/2018.3/data/ip/xpm/xpm_memory/tcl/xpm_memory_xdc.tcl] for cell 'design_1_i/axi_smc/inst/s00_nodes/s00_aw_node/inst/inst_mi_handler/gen_normal_area.inst_fifo_node_payld/gen_xpm_memory_fifo.inst_fifo/gen_mem_rep[0].inst_xpm_memory'
Sourcing Tcl File [D:/xlinks/Vivado/2018.3/data/ip/xpm/xpm_memory/tcl/xpm_memory_xdc.tcl] for cell 'design_1_i/axi_smc/inst/s00_nodes/s00_b_node/inst/inst_mi_handler/gen_normal_area.inst_fifo_node_payld/gen_xpm_memory_fifo.inst_fifo/gen_mem_rep[0].inst_xpm_memory'
Finished Sourcing Tcl File [D:/xlinks/Vivado/2018.3/data/ip/xpm/xpm_memory/tcl/xpm_memory_xdc.tcl] for cell 'design_1_i/axi_smc/inst/s00_nodes/s00_b_node/inst/inst_mi_handler/gen_normal_area.inst_fifo_node_payld/gen_xpm_memory_fifo.inst_fifo/gen_mem_rep[0].inst_xpm_memory'
Sourcing Tcl File [D:/xlinks/Vivado/2018.3/data/ip/xpm/xpm_memory/tcl/xpm_memory_xdc.tcl] for cell 'design_1_i/axi_smc/inst/s00_nodes/s00_r_node/inst/inst_mi_handler/gen_normal_area.inst_fifo_node_payld/gen_xpm_memory_fifo.inst_fifo/gen_mem_rep[0].inst_xpm_memory'
Finished Sourcing Tcl File [D:/xlinks/Vivado/2018.3/data/ip/xpm/xpm_memory/tcl/xpm_memory_xdc.tcl] for cell 'design_1_i/axi_smc/inst/s00_nodes/s00_r_node/inst/inst_mi_handler/gen_normal_area.inst_fifo_node_payld/gen_xpm_memory_fifo.inst_fifo/gen_mem_rep[0].inst_xpm_memory'
Sourcing Tcl File [D:/xlinks/Vivado/2018.3/data/ip/xpm/xpm_memory/tcl/xpm_memory_xdc.tcl] for cell 'design_1_i/axi_smc/inst/s00_nodes/s00_w_node/inst/inst_mi_handler/gen_normal_area.inst_fifo_node_payld/gen_xpm_memory_fifo.inst_fifo/gen_mem_rep[0].inst_xpm_memory'
Finished Sourcing Tcl File [D:/xlinks/Vivado/2018.3/data/ip/xpm/xpm_memory/tcl/xpm_memory_xdc.tcl] for cell 'design_1_i/axi_smc/inst/s00_nodes/s00_w_node/inst/inst_mi_handler/gen_normal_area.inst_fifo_node_payld/gen_xpm_memory_fifo.inst_fifo/gen_mem_rep[0].inst_xpm_memory'
INFO: [Opt 31-138] Pushed 0 inverter(s) to 0 load pin(s).
Generating merged BMM file for the design top 'design_1_wrapper'...
Netlist sorting complete. Time (s): cpu = 00:00:00 ; elapsed = 00:00:00.009 . Memory (MB): peak = 1584.242 ; gain = 0.000
INFO: [Project 1-111] Unisim Transformation Summary:
  A total of 362 instances were transformed.
  CFGLUT5 => CFGLUT5 (SRLC32E, SRL16E): 276 instances
  RAM32M => RAM32M (RAMD32, RAMD32, RAMD32, RAMD32, RAMD32, RAMD32, RAMS32, RAMS32): 86 instances

24 Infos, 23 Warnings, 17 Critical Warnings and 0 Errors encountered.
link_design completed successfully
link_design: Time (s): cpu = 00:00:16 ; elapsed = 00:00:25 . Memory (MB): peak = 1584.242 ; gain = 1170.012
Command: opt_design
Attempting to get a license for feature 'Implementation' and/or device 'xc7z020'
INFO: [Common 17-349] Got license for feature 'Implementation' and/or device 'xc7z020'
Running DRC as a precondition to command opt_design

Starting DRC Task
INFO: [DRC 23-27] Running DRC with 2 threads
INFO: [Project 1-461] DRC finished with 0 Errors
INFO: [Project 1-462] Please refer to the DRC report (report_drc) for more information.

Time (s): cpu = 00:00:01 ; elapsed = 00:00:00.511 . Memory (MB): peak = 1584.242 ; gain = 0.000

Starting Cache Timing Information Task
INFO: [Timing 38-35] Done setting XDC timing constraints.
Ending Cache Timing Information Task | Checksum: 16750069c

Time (s): cpu = 00:00:02 ; elapsed = 00:00:01 . Memory (MB): peak = 1584.242 ; gain = 0.000

Starting Logic Optimization Task

Phase 1 Generate And Synthesize Debug Cores
INFO: [Chipscope 16-329] Generating Script for core instance : dbg_hub 
INFO: [IP_Flow 19-3806] Processing IP xilinx.com:ip:xsdbm:3.0 for cell dbg_hub_CV.
INFO: [Chipscope 16-220] Re-using generated and synthesized IP, "xilinx.com:ip:xsdbm:3.0", from Vivado IP cache entry "b5b762810d755dc6".
Netlist sorting complete. Time (s): cpu = 00:00:00 ; elapsed = 00:00:00.035 . Memory (MB): peak = 1635.594 ; gain = 0.000
Phase 1 Generate And Synthesize Debug Cores | Checksum: 132e0f2e0

Time (s): cpu = 00:00:03 ; elapsed = 00:00:14 . Memory (MB): peak = 1635.594 ; gain = 17.164

Phase 2 Retarget
INFO: [Opt 31-138] Pushed 14 inverter(s) to 123 load pin(s).
INFO: [Opt 31-49] Retargeted 0 cell(s).
Phase 2 Retarget | Checksum: 2837de4e0

Time (s): cpu = 00:00:05 ; elapsed = 00:00:15 . Memory (MB): peak = 1635.594 ; gain = 17.164
INFO: [Opt 31-389] Phase Retarget created 24 cells and removed 195 cells
INFO: [Opt 31-1021] In phase Retarget, 209 netlist objects are constrained preventing optimization. Please run opt_design with -debug_log to get more detail. 

Phase 3 Constant propagation
INFO: [Opt 31-138] Pushed 0 inverter(s) to 0 load pin(s).
Phase 3 Constant propagation | Checksum: 1c97248ab

Time (s): cpu = 00:00:05 ; elapsed = 00:00:16 . Memory (MB): peak = 1635.594 ; gain = 17.164
INFO: [Opt 31-389] Phase Constant propagation created 11 cells and removed 78 cells
INFO: [Opt 31-1021] In phase Constant propagation, 187 netlist objects are constrained preventing optimization. Please run opt_design with -debug_log to get more detail. 

Phase 4 Sweep
Phase 4 Sweep | Checksum: 1b2720292

Time (s): cpu = 00:00:07 ; elapsed = 00:00:17 . Memory (MB): peak = 1635.594 ; gain = 17.164
INFO: [Opt 31-389] Phase Sweep created 0 cells and removed 1304 cells
INFO: [Opt 31-1021] In phase Sweep, 987 netlist objects are constrained preventing optimization. Please run opt_design with -debug_log to get more detail. 

Phase 5 BUFG optimization
INFO: [Opt 31-194] Inserted BUFG design_1_i/clk_wiz_0/inst/clk_out1_design_1_clk_wiz_0_0_BUFG_inst to drive 0 load(s) on clock net design_1_i/clk_wiz_0/inst/clk_out1_design_1_clk_wiz_0_0_BUFG
INFO: [Opt 31-194] Inserted BUFG design_1_i/clk_wiz_0/inst/clk_out2_design_1_clk_wiz_0_0_BUFG_inst to drive 0 load(s) on clock net design_1_i/clk_wiz_0/inst/clk_out2_design_1_clk_wiz_0_0_BUFG
INFO: [Opt 31-193] Inserted 2 BUFG(s) on clock nets
Phase 5 BUFG optimization | Checksum: 1db6f3260

Time (s): cpu = 00:00:07 ; elapsed = 00:00:18 . Memory (MB): peak = 1635.594 ; gain = 17.164
INFO: [Opt 31-662] Phase BUFG optimization created 0 cells of which 0 are BUFGs and removed 0 cells.

Phase 6 Shift Register Optimization
Phase 6 Shift Register Optimization | Checksum: 186eab836

Time (s): cpu = 00:00:09 ; elapsed = 00:00:19 . Memory (MB): peak = 1635.594 ; gain = 17.164
INFO: [Opt 31-389] Phase Shift Register Optimization created 0 cells and removed 0 cells

Phase 7 Post Processing Netlist
Phase 7 Post Processing Netlist | Checksum: 1ac8a63fd

Time (s): cpu = 00:00:10 ; elapsed = 00:00:20 . Memory (MB): peak = 1635.594 ; gain = 17.164
INFO: [Opt 31-389] Phase Post Processing Netlist created 0 cells and removed 0 cells
INFO: [Opt 31-1021] In phase Post Processing Netlist, 83 netlist objects are constrained preventing optimization. Please run opt_design with -debug_log to get more detail. 
Opt_design Change Summary
=========================


-------------------------------------------------------------------------------------------------------------------------
|  Phase                        |  #Cells created  |  #Cells Removed  |  #Constrained objects preventing optimizations  |
-------------------------------------------------------------------------------------------------------------------------
|  Retarget                     |              24  |             195  |                                            209  |
|  Constant propagation         |              11  |              78  |                                            187  |
|  Sweep                        |               0  |            1304  |                                            987  |
|  BUFG optimization            |               0  |               0  |                                              0  |
|  Shift Register Optimization  |               0  |               0  |                                              0  |
|  Post Processing Netlist      |               0  |               0  |                                             83  |
-------------------------------------------------------------------------------------------------------------------------



Starting Connectivity Check Task

Time (s): cpu = 00:00:00 ; elapsed = 00:00:00.051 . Memory (MB): peak = 1635.594 ; gain = 0.000
Ending Logic Optimization Task | Checksum: 14d1c9172

Time (s): cpu = 00:00:10 ; elapsed = 00:00:20 . Memory (MB): peak = 1635.594 ; gain = 17.164

Starting Power Optimization Task
INFO: [Pwropt 34-132] Skipping clock gating for clocks with a period < 2.00 ns.
INFO: [Timing 38-35] Done setting XDC timing constraints.
INFO: [Pwropt 34-9] Applying IDT optimizations ...
INFO: [Pwropt 34-10] Applying ODC optimizations ...
INFO: [Physopt 32-619] Estimated Timing Summary | WNS=-9.941 | TNS=-829.120 |
Running Vector-less Activity Propagation...

Finished Running Vector-less Activity Propagation


Starting PowerOpt Patch Enables Task
INFO: [Pwropt 34-162] WRITE_MODE attribute of 2 BRAM(s) out of a total of 54 has been updated to save power. Run report_power_opt to get a complete listing of the BRAMs updated.
INFO: [Timing 38-35] Done setting XDC timing constraints.
INFO: [Pwropt 34-201] Structural ODC has moved 2 WE to EN ports
Number of BRAM Ports augmented: 52 newly gated: 2 Total Ports: 108
Ending PowerOpt Patch Enables Task | Checksum: 1b3d35f13

Time (s): cpu = 00:00:02 ; elapsed = 00:00:01 . Memory (MB): peak = 2051.348 ; gain = 0.000
Ending Power Optimization Task | Checksum: 1b3d35f13

Time (s): cpu = 00:00:13 ; elapsed = 00:00:08 . Memory (MB): peak = 2051.348 ; gain = 415.754

Starting Final Cleanup Task
Ending Final Cleanup Task | Checksum: 1b3d35f13

Time (s): cpu = 00:00:00 ; elapsed = 00:00:00 . Memory (MB): peak = 2051.348 ; gain = 0.000

Starting Netlist Obfuscation Task
Netlist sorting complete. Time (s): cpu = 00:00:00 ; elapsed = 00:00:00.017 . Memory (MB): peak = 2051.348 ; gain = 0.000
Ending Netlist Obfuscation Task | Checksum: 1ae4e21eb

Time (s): cpu = 00:00:00 ; elapsed = 00:00:00.017 . Memory (MB): peak = 2051.348 ; gain = 0.000
INFO: [Common 17-83] Releasing license: Implementation
60 Infos, 23 Warnings, 17 Critical Warnings and 0 Errors encountered.
opt_design completed successfully
opt_design: Time (s): cpu = 00:00:26 ; elapsed = 00:00:30 . Memory (MB): peak = 2051.348 ; gain = 467.105
Netlist sorting complete. Time (s): cpu = 00:00:00 ; elapsed = 00:00:00.011 . Memory (MB): peak = 2051.348 ; gain = 0.000
INFO: [Timing 38-480] Writing timing data to binary archive.
Writing placer database...
Writing XDEF routing.
Writing XDEF routing logical nets.
Writing XDEF routing special nets.
Write XDEF Complete: Time (s): cpu = 00:00:00 ; elapsed = 00:00:00.040 . Memory (MB): peak = 2051.348 ; gain = 0.000
Netlist sorting complete. Time (s): cpu = 00:00:00 ; elapsed = 00:00:00.013 . Memory (MB): peak = 2051.348 ; gain = 0.000
INFO: [Common 17-1381] The checkpoint 'F:/Vivado/2023_pl_new/2023_step2_by_ygw/2023_step2_by_ygw.runs/impl_1/design_1_wrapper_opt.dcp' has been generated.
INFO: [runtcl-4] Executing : report_drc -file design_1_wrapper_drc_opted.rpt -pb design_1_wrapper_drc_opted.pb -rpx design_1_wrapper_drc_opted.rpx
Command: report_drc -file design_1_wrapper_drc_opted.rpt -pb design_1_wrapper_drc_opted.pb -rpx design_1_wrapper_drc_opted.rpx
INFO: [IP_Flow 19-1839] IP Catalog is up to date.
INFO: [DRC 23-27] Running DRC with 2 threads
WARNING: [Designutils 20-3303] unexpected site type 'IOPAD' in HDPYFinalizeIO
WARNING: [Designutils 20-3303] unexpected site type 'IOPAD' in HDPYFinalizeIO
WARNING: [Designutils 20-3303] unexpected site type 'IOPAD' in HDPYFinalizeIO
WARNING: [Designutils 20-3303] unexpected site type 'IOPAD' in HDPYFinalizeIO
WARNING: [Designutils 20-3303] unexpected site type 'IOPAD' in HDPYFinalizeIO
WARNING: [Designutils 20-3303] unexpected site type 'IOPAD' in HDPYFinalizeIO
WARNING: [Designutils 20-3303] unexpected site type 'IOPAD' in HDPYFinalizeIO
WARNING: [Designutils 20-3303] unexpected site type 'IOPAD' in HDPYFinalizeIO
WARNING: [Designutils 20-3303] unexpected site type 'IOPAD' in HDPYFinalizeIO
WARNING: [Designutils 20-3303] unexpected site type 'IOPAD' in HDPYFinalizeIO
WARNING: [Designutils 20-3303] unexpected site type 'IOPAD' in HDPYFinalizeIO
WARNING: [Designutils 20-3303] unexpected site type 'IOPAD' in HDPYFinalizeIO
WARNING: [Designutils 20-3303] unexpected site type 'IOPAD' in HDPYFinalizeIO
WARNING: [Designutils 20-3303] unexpected site type 'IOPAD' in HDPYFinalizeIO
WARNING: [Designutils 20-3303] unexpected site type 'IOPAD' in HDPYFinalizeIO
WARNING: [Designutils 20-3303] unexpected site type 'IOPAD' in HDPYFinalizeIO
WARNING: [Designutils 20-3303] unexpected site type 'IOPAD' in HDPYFinalizeIO
WARNING: [Designutils 20-3303] unexpected site type 'IOPAD' in HDPYFinalizeIO
WARNING: [Designutils 20-3303] unexpected site type 'IOPAD' in HDPYFinalizeIO
WARNING: [Designutils 20-3303] unexpected site type 'IOPAD' in HDPYFinalizeIO
WARNING: [Designutils 20-3303] unexpected site type 'IOPAD' in HDPYFinalizeIO
WARNING: [Designutils 20-3303] unexpected site type 'IOPAD' in HDPYFinalizeIO
WARNING: [Designutils 20-3303] unexpected site type 'IOPAD' in HDPYFinalizeIO
WARNING: [Designutils 20-3303] unexpected site type 'IOPAD' in HDPYFinalizeIO
WARNING: [Designutils 20-3303] unexpected site type 'IOPAD' in HDPYFinalizeIO
WARNING: [Designutils 20-3303] unexpected site type 'IOPAD' in HDPYFinalizeIO
WARNING: [Designutils 20-3303] unexpected site type 'IOPAD' in HDPYFinalizeIO
WARNING: [Designutils 20-3303] unexpected site type 'IOPAD' in HDPYFinalizeIO
WARNING: [Designutils 20-3303] unexpected site type 'IOPAD' in HDPYFinalizeIO
WARNING: [Designutils 20-3303] unexpected site type 'IOPAD' in HDPYFinalizeIO
WARNING: [Designutils 20-3303] unexpected site type 'IOPAD' in HDPYFinalizeIO
WARNING: [Designutils 20-3303] unexpected site type 'IOPAD' in HDPYFinalizeIO
WARNING: [Designutils 20-3303] unexpected site type 'IOPAD' in HDPYFinalizeIO
WARNING: [Designutils 20-3303] unexpected site type 'IOPAD' in HDPYFinalizeIO
WARNING: [Designutils 20-3303] unexpected site type 'IOPAD' in HDPYFinalizeIO
WARNING: [Designutils 20-3303] unexpected site type 'IOPAD' in HDPYFinalizeIO
WARNING: [Designutils 20-3303] unexpected site type 'IOPAD' in HDPYFinalizeIO
WARNING: [Designutils 20-3303] unexpected site type 'IOPAD' in HDPYFinalizeIO
WARNING: [Designutils 20-3303] unexpected site type 'IOPAD' in HDPYFinalizeIO
WARNING: [Designutils 20-3303] unexpected site type 'IOPAD' in HDPYFinalizeIO
WARNING: [Designutils 20-3303] unexpected site type 'IOPAD' in HDPYFinalizeIO
WARNING: [Designutils 20-3303] unexpected site type 'IOPAD' in HDPYFinalizeIO
WARNING: [Designutils 20-3303] unexpected site type 'IOPAD' in HDPYFinalizeIO
WARNING: [Designutils 20-3303] unexpected site type 'IOPAD' in HDPYFinalizeIO
WARNING: [Designutils 20-3303] unexpected site type 'IOPAD' in HDPYFinalizeIO
WARNING: [Designutils 20-3303] unexpected site type 'IOPAD' in HDPYFinalizeIO
WARNING: [Designutils 20-3303] unexpected site type 'IOPAD' in HDPYFinalizeIO
WARNING: [Designutils 20-3303] unexpected site type 'IOPAD' in HDPYFinalizeIO
WARNING: [Designutils 20-3303] unexpected site type 'IOPAD' in HDPYFinalizeIO
WARNING: [Designutils 20-3303] unexpected site type 'IOPAD' in HDPYFinalizeIO
WARNING: [Designutils 20-3303] unexpected site type 'IOPAD' in HDPYFinalizeIO
WARNING: [Designutils 20-3303] unexpected site type 'IOPAD' in HDPYFinalizeIO
WARNING: [Designutils 20-3303] unexpected site type 'IOPAD' in HDPYFinalizeIO
WARNING: [Designutils 20-3303] unexpected site type 'IOPAD' in HDPYFinalizeIO
WARNING: [Designutils 20-3303] unexpected site type 'IOPAD' in HDPYFinalizeIO
WARNING: [Designutils 20-3303] unexpected site type 'IOPAD' in HDPYFinalizeIO
WARNING: [Designutils 20-3303] unexpected site type 'IOPAD' in HDPYFinalizeIO
WARNING: [Designutils 20-3303] unexpected site type 'IOPAD' in HDPYFinalizeIO
WARNING: [Designutils 20-3303] unexpected site type 'IOPAD' in HDPYFinalizeIO
WARNING: [Designutils 20-3303] unexpected site type 'IOPAD' in HDPYFinalizeIO
WARNING: [Designutils 20-3303] unexpected site type 'IOPAD' in HDPYFinalizeIO
WARNING: [Designutils 20-3303] unexpected site type 'IOPAD' in HDPYFinalizeIO
WARNING: [Designutils 20-3303] unexpected site type 'IOPAD' in HDPYFinalizeIO
WARNING: [Designutils 20-3303] unexpected site type 'IOPAD' in HDPYFinalizeIO
WARNING: [Designutils 20-3303] unexpected site type 'IOPAD' in HDPYFinalizeIO
WARNING: [Designutils 20-3303] unexpected site type 'IOPAD' in HDPYFinalizeIO
WARNING: [Designutils 20-3303] unexpected site type 'IOPAD' in HDPYFinalizeIO
WARNING: [Designutils 20-3303] unexpected site type 'IOPAD' in HDPYFinalizeIO
WARNING: [Designutils 20-3303] unexpected site type 'IOPAD' in HDPYFinalizeIO
WARNING: [Designutils 20-3303] unexpected site type 'IOPAD' in HDPYFinalizeIO
WARNING: [Designutils 20-3303] unexpected site type 'IOPAD' in HDPYFinalizeIO
WARNING: [Designutils 20-3303] unexpected site type 'IOPAD' in HDPYFinalizeIO
WARNING: [Designutils 20-3303] unexpected site type 'IOPAD' in HDPYFinalizeIO
WARNING: [Designutils 20-3303] unexpected site type 'IOPAD' in HDPYFinalizeIO
WARNING: [Designutils 20-3303] unexpected site type 'IOPAD' in HDPYFinalizeIO
WARNING: [Designutils 20-3303] unexpected site type 'IOPAD' in HDPYFinalizeIO
WARNING: [Designutils 20-3303] unexpected site type 'IOPAD' in HDPYFinalizeIO
WARNING: [Designutils 20-3303] unexpected site type 'IOPAD' in HDPYFinalizeIO
WARNING: [Designutils 20-3303] unexpected site type 'IOPAD' in HDPYFinalizeIO
WARNING: [Designutils 20-3303] unexpected site type 'IOPAD' in HDPYFinalizeIO
WARNING: [Designutils 20-3303] unexpected site type 'IOPAD' in HDPYFinalizeIO
WARNING: [Designutils 20-3303] unexpected site type 'IOPAD' in HDPYFinalizeIO
WARNING: [Designutils 20-3303] unexpected site type 'IOPAD' in HDPYFinalizeIO
WARNING: [Designutils 20-3303] unexpected site type 'IOPAD' in HDPYFinalizeIO
WARNING: [Designutils 20-3303] unexpected site type 'IOPAD' in HDPYFinalizeIO
WARNING: [Designutils 20-3303] unexpected site type 'IOPAD' in HDPYFinalizeIO
WARNING: [Designutils 20-3303] unexpected site type 'IOPAD' in HDPYFinalizeIO
WARNING: [Designutils 20-3303] unexpected site type 'IOPAD' in HDPYFinalizeIO
WARNING: [Designutils 20-3303] unexpected site type 'IOPAD' in HDPYFinalizeIO
WARNING: [Designutils 20-3303] unexpected site type 'IOPAD' in HDPYFinalizeIO
WARNING: [Designutils 20-3303] unexpected site type 'IOPAD' in HDPYFinalizeIO
WARNING: [Designutils 20-3303] unexpected site type 'IOPAD' in HDPYFinalizeIO
WARNING: [Designutils 20-3303] unexpected site type 'IOPAD' in HDPYFinalizeIO
WARNING: [Designutils 20-3303] unexpected site type 'IOPAD' in HDPYFinalizeIO
WARNING: [Designutils 20-3303] unexpected site type 'IOPAD' in HDPYFinalizeIO
WARNING: [Designutils 20-3303] unexpected site type 'IOPAD' in HDPYFinalizeIO
WARNING: [Designutils 20-3303] unexpected site type 'IOPAD' in HDPYFinalizeIO
WARNING: [Designutils 20-3303] unexpected site type 'IOPAD' in HDPYFinalizeIO
WARNING: [Designutils 20-3303] unexpected site type 'IOPAD' in HDPYFinalizeIO
WARNING: [Designutils 20-3303] unexpected site type 'IOPAD' in HDPYFinalizeIO
INFO: [Common 17-14] Message 'Designutils 20-3303' appears 100 times and further instances of the messages will be disabled. Use the Tcl command set_msg_config to change the current settings.
INFO: [Coretcl 2-168] The results of DRC are in file F:/Vivado/2023_pl_new/2023_step2_by_ygw/2023_step2_by_ygw.runs/impl_1/design_1_wrapper_drc_opted.rpt.
report_drc completed successfully
INFO: [Chipscope 16-240] Debug cores have already been implemented
Command: place_design
Attempting to get a license for feature 'Implementation' and/or device 'xc7z020'
INFO: [Common 17-349] Got license for feature 'Implementation' and/or device 'xc7z020'
INFO: [DRC 23-27] Running DRC with 2 threads
INFO: [Vivado_Tcl 4-198] DRC finished with 0 Errors
INFO: [Vivado_Tcl 4-199] Please refer to the DRC report (report_drc) for more information.
Running DRC as a precondition to command place_design
INFO: [DRC 23-27] Running DRC with 2 threads
INFO: [Vivado_Tcl 4-198] DRC finished with 0 Errors
INFO: [Vivado_Tcl 4-199] Please refer to the DRC report (report_drc) for more information.

Starting Placer Task
INFO: [Place 30-611] Multithreading enabled for place_design using a maximum of 2 CPUs

Phase 1 Placer Initialization

Phase 1.1 Placer Initialization Netlist Sorting
Netlist sorting complete. Time (s): cpu = 00:00:00 ; elapsed = 00:00:00.010 . Memory (MB): peak = 2051.348 ; gain = 0.000
Phase 1.1 Placer Initialization Netlist Sorting | Checksum: d1431685

Time (s): cpu = 00:00:00 ; elapsed = 00:00:00.018 . Memory (MB): peak = 2051.348 ; gain = 0.000
Netlist sorting complete. Time (s): cpu = 00:00:00 ; elapsed = 00:00:00.012 . Memory (MB): peak = 2051.348 ; gain = 0.000

Phase 1.2 IO Placement/ Clock Placement/ Build Placer Device
INFO: [Timing 38-35] Done setting XDC timing constraints.
Phase 1.2 IO Placement/ Clock Placement/ Build Placer Device | Checksum: 15f8e2bad

Time (s): cpu = 00:00:03 ; elapsed = 00:00:03 . Memory (MB): peak = 2051.348 ; gain = 0.000

Phase 1.3 Build Placer Netlist Model
Phase 1.3 Build Placer Netlist Model | Checksum: 28810014e

Time (s): cpu = 00:00:08 ; elapsed = 00:00:07 . Memory (MB): peak = 2051.348 ; gain = 0.000

Phase 1.4 Constrain Clocks/Macros
Phase 1.4 Constrain Clocks/Macros | Checksum: 28810014e

Time (s): cpu = 00:00:08 ; elapsed = 00:00:07 . Memory (MB): peak = 2051.348 ; gain = 0.000
Phase 1 Placer Initialization | Checksum: 28810014e

Time (s): cpu = 00:00:08 ; elapsed = 00:00:07 . Memory (MB): peak = 2051.348 ; gain = 0.000

Phase 2 Global Placement

Phase 2.1 Floorplanning
Phase 2.1 Floorplanning | Checksum: 1a4a846ca

Time (s): cpu = 00:00:10 ; elapsed = 00:00:09 . Memory (MB): peak = 2051.348 ; gain = 0.000

Phase 2.2 Physical Synthesis In Placer
INFO: [Physopt 32-65] No nets found for high-fanout optimization.
INFO: [Physopt 32-232] Optimized 0 net. Created 0 new instance.
INFO: [Physopt 32-775] End 1 Pass. Optimized 0 net or cell. Created 0 new cell, deleted 0 existing cell and moved 0 existing cell
INFO: [Physopt 32-456] No candidate cells for DSP register optimization found in the design.
INFO: [Physopt 32-775] End 2 Pass. Optimized 0 net or cell. Created 0 new cell, deleted 0 existing cell and moved 0 existing cell
INFO: [Physopt 32-677] No candidate cells for Shift Register optimization found in the design
INFO: [Physopt 32-775] End 1 Pass. Optimized 0 net or cell. Created 0 new cell, deleted 0 existing cell and moved 0 existing cell
INFO: [Physopt 32-526] No candidate cells for BRAM register optimization found in the design
INFO: [Physopt 32-775] End 1 Pass. Optimized 0 net or cell. Created 0 new cell, deleted 0 existing cell and moved 0 existing cell
INFO: [Physopt 32-949] No candidate nets found for HD net replication
INFO: [Physopt 32-775] End 1 Pass. Optimized 0 net or cell. Created 0 new cell, deleted 0 existing cell and moved 0 existing cell
Netlist sorting complete. Time (s): cpu = 00:00:00 ; elapsed = 00:00:00.011 . Memory (MB): peak = 2051.348 ; gain = 0.000

Summary of Physical Synthesis Optimizations
============================================


----------------------------------------------------------------------------------------------------------------------------------------
|  Optimization                  |  Added Cells  |  Removed Cells  |  Optimized Cells/Nets  |  Dont Touch  |  Iterations  |  Elapsed   |
----------------------------------------------------------------------------------------------------------------------------------------
|  Very High Fanout              |            0  |              0  |                     0  |           0  |           1  |  00:00:00  |
|  DSP Register                  |            0  |              0  |                     0  |           0  |           1  |  00:00:00  |
|  Shift Register                |            0  |              0  |                     0  |           0  |           1  |  00:00:00  |
|  BRAM Register                 |            0  |              0  |                     0  |           0  |           1  |  00:00:00  |
|  HD Interface Net Replication  |            0  |              0  |                     0  |           0  |           1  |  00:00:00  |
|  Total                         |            0  |              0  |                     0  |           0  |           5  |  00:00:00  |
----------------------------------------------------------------------------------------------------------------------------------------


Phase 2.2 Physical Synthesis In Placer | Checksum: 142a1982d

Time (s): cpu = 00:00:30 ; elapsed = 00:00:31 . Memory (MB): peak = 2051.348 ; gain = 0.000
Phase 2 Global Placement | Checksum: 1de0c5238

Time (s): cpu = 00:00:31 ; elapsed = 00:00:32 . Memory (MB): peak = 2051.348 ; gain = 0.000

Phase 3 Detail Placement

Phase 3.1 Commit Multi Column Macros
Phase 3.1 Commit Multi Column Macros | Checksum: 1de0c5238

Time (s): cpu = 00:00:31 ; elapsed = 00:00:32 . Memory (MB): peak = 2051.348 ; gain = 0.000

Phase 3.2 Commit Most Macros & LUTRAMs
Phase 3.2 Commit Most Macros & LUTRAMs | Checksum: 1ae1bf488

Time (s): cpu = 00:00:35 ; elapsed = 00:00:36 . Memory (MB): peak = 2051.348 ; gain = 0.000

Phase 3.3 Area Swap Optimization
Phase 3.3 Area Swap Optimization | Checksum: 21f0bfc6c

Time (s): cpu = 00:00:35 ; elapsed = 00:00:36 . Memory (MB): peak = 2051.348 ; gain = 0.000

Phase 3.4 Pipeline Register Optimization
Phase 3.4 Pipeline Register Optimization | Checksum: 18b18011b

Time (s): cpu = 00:00:35 ; elapsed = 00:00:36 . Memory (MB): peak = 2051.348 ; gain = 0.000

Phase 3.5 Fast Optimization
Phase 3.5 Fast Optimization | Checksum: 1ab302220

Time (s): cpu = 00:00:38 ; elapsed = 00:00:39 . Memory (MB): peak = 2051.348 ; gain = 0.000

Phase 3.6 Small Shape Detail Placement
Phase 3.6 Small Shape Detail Placement | Checksum: 1e6a0b46d

Time (s): cpu = 00:00:44 ; elapsed = 00:00:44 . Memory (MB): peak = 2051.348 ; gain = 0.000

Phase 3.7 Re-assign LUT pins
Phase 3.7 Re-assign LUT pins | Checksum: 213b7fc90

Time (s): cpu = 00:00:44 ; elapsed = 00:00:45 . Memory (MB): peak = 2051.348 ; gain = 0.000

Phase 3.8 Pipeline Register Optimization
Phase 3.8 Pipeline Register Optimization | Checksum: 16f72edb2

Time (s): cpu = 00:00:44 ; elapsed = 00:00:45 . Memory (MB): peak = 2051.348 ; gain = 0.000

Phase 3.9 Fast Optimization
Phase 3.9 Fast Optimization | Checksum: 2237a03cd

Time (s): cpu = 00:00:48 ; elapsed = 00:00:49 . Memory (MB): peak = 2051.348 ; gain = 0.000
Phase 3 Detail Placement | Checksum: 2237a03cd

Time (s): cpu = 00:00:49 ; elapsed = 00:00:49 . Memory (MB): peak = 2051.348 ; gain = 0.000

Phase 4 Post Placement Optimization and Clean-Up

Phase 4.1 Post Commit Optimization
INFO: [Timing 38-35] Done setting XDC timing constraints.

Phase 4.1.1 Post Placement Optimization
Post Placement Optimization Initialization | Checksum: 1a8df5dad

Phase 4.1.1.1 BUFG Insertion
INFO: [Place 46-33] Processed net design_1_i/ddc_stage1_pl2_top_0/inst/u_ddc_stage1/u_fir_decimator_iq_2/p_0_in, BUFG insertion was skipped due to placement/routing conflicts.
INFO: [Place 46-33] Processed net design_1_i/demod_pool_core_bpsk_0/inst/u_feature_core/u_cordic_translate/U0/i_synth/i_has_aresetn.i_reg_reset/first_q, BUFG insertion was skipped due to placement/routing conflicts.
INFO: [Place 46-33] Processed net design_1_i/demod_pool_core_bpsk_0/inst/u_feature_core/u_hist_freq/SR[0], BUFG insertion was skipped due to placement/routing conflicts.
INFO: [Place 46-33] Processed net design_1_i/ddc_stage1_pl2_top_0/inst/u_ddc_stage1/u_cic_decimator_iq_30/cic_valid, BUFG insertion was skipped due to placement/routing conflicts.
INFO: [Place 46-46] BUFG insertion identified 4 candidate nets, 0 success, 0 bufg driver replicated, 4 skipped for placement/routing, 0 skipped for timing, 0 skipped for netlist change reason
Phase 4.1.1.1 BUFG Insertion | Checksum: 1a8df5dad

Time (s): cpu = 00:00:54 ; elapsed = 00:00:53 . Memory (MB): peak = 2051.348 ; gain = 0.000
INFO: [Place 30-746] Post Placement Timing Summary WNS=-9.038. For the most accurate timing information please run report_timing.
Phase 4.1.1 Post Placement Optimization | Checksum: 138d70b28

Time (s): cpu = 00:01:04 ; elapsed = 00:01:04 . Memory (MB): peak = 2051.348 ; gain = 0.000
Phase 4.1 Post Commit Optimization | Checksum: 138d70b28

Time (s): cpu = 00:01:05 ; elapsed = 00:01:04 . Memory (MB): peak = 2051.348 ; gain = 0.000

Phase 4.2 Post Placement Cleanup
Phase 4.2 Post Placement Cleanup | Checksum: 138d70b28

Time (s): cpu = 00:01:05 ; elapsed = 00:01:04 . Memory (MB): peak = 2051.348 ; gain = 0.000

Phase 4.3 Placer Reporting
Phase 4.3 Placer Reporting | Checksum: 138d70b28

Time (s): cpu = 00:01:05 ; elapsed = 00:01:04 . Memory (MB): peak = 2051.348 ; gain = 0.000

Phase 4.4 Final Placement Cleanup
Netlist sorting complete. Time (s): cpu = 00:00:00 ; elapsed = 00:00:00.014 . Memory (MB): peak = 2051.348 ; gain = 0.000
Phase 4.4 Final Placement Cleanup | Checksum: 172e70519

Time (s): cpu = 00:01:05 ; elapsed = 00:01:04 . Memory (MB): peak = 2051.348 ; gain = 0.000
Phase 4 Post Placement Optimization and Clean-Up | Checksum: 172e70519

Time (s): cpu = 00:01:05 ; elapsed = 00:01:04 . Memory (MB): peak = 2051.348 ; gain = 0.000
Ending Placer Task | Checksum: 123f20cd3

Time (s): cpu = 00:01:05 ; elapsed = 00:01:04 . Memory (MB): peak = 2051.348 ; gain = 0.000
INFO: [Common 17-83] Releasing license: Implementation
96 Infos, 123 Warnings, 17 Critical Warnings and 0 Errors encountered.
place_design completed successfully
place_design: Time (s): cpu = 00:01:07 ; elapsed = 00:01:06 . Memory (MB): peak = 2051.348 ; gain = 0.000
Netlist sorting complete. Time (s): cpu = 00:00:00 ; elapsed = 00:00:00.012 . Memory (MB): peak = 2051.348 ; gain = 0.000
INFO: [Timing 38-480] Writing timing data to binary archive.
Writing placer database...
Netlist sorting complete. Time (s): cpu = 00:00:00 ; elapsed = 00:00:00.012 . Memory (MB): peak = 2051.348 ; gain = 0.000
Writing XDEF routing.
Writing XDEF routing logical nets.
Writing XDEF routing special nets.
Write XDEF Complete: Time (s): cpu = 00:00:04 ; elapsed = 00:00:01 . Memory (MB): peak = 2051.348 ; gain = 0.000
INFO: [Common 17-1381] The checkpoint 'F:/Vivado/2023_pl_new/2023_step2_by_ygw/2023_step2_by_ygw.runs/impl_1/design_1_wrapper_placed.dcp' has been generated.
INFO: [runtcl-4] Executing : report_io -file design_1_wrapper_io_placed.rpt
report_io: Time (s): cpu = 00:00:00 ; elapsed = 00:00:00.032 . Memory (MB): peak = 2051.348 ; gain = 0.000
INFO: [runtcl-4] Executing : report_utilization -file design_1_wrapper_utilization_placed.rpt -pb design_1_wrapper_utilization_placed.pb
INFO: [runtcl-4] Executing : report_control_sets -verbose -file design_1_wrapper_control_sets_placed.rpt
report_control_sets: Time (s): cpu = 00:00:00 ; elapsed = 00:00:00.070 . Memory (MB): peak = 2051.348 ; gain = 0.000
Command: route_design
Attempting to get a license for feature 'Implementation' and/or device 'xc7z020'
INFO: [Common 17-349] Got license for feature 'Implementation' and/or device 'xc7z020'
Running DRC as a precondition to command route_design
INFO: [DRC 23-27] Running DRC with 2 threads
WARNING: [Designutils 20-3303] unexpected site type 'IOPAD' in HDPYFinalizeIO
WARNING: [Designutils 20-3303] unexpected site type 'IOPAD' in HDPYFinalizeIO
WARNING: [Designutils 20-3303] unexpected site type 'IOPAD' in HDPYFinalizeIO
WARNING: [Designutils 20-3303] unexpected site type 'IOPAD' in HDPYFinalizeIO
WARNING: [Designutils 20-3303] unexpected site type 'IOPAD' in HDPYFinalizeIO
WARNING: [Designutils 20-3303] unexpected site type 'IOPAD' in HDPYFinalizeIO
WARNING: [Designutils 20-3303] unexpected site type 'IOPAD' in HDPYFinalizeIO
WARNING: [Designutils 20-3303] unexpected site type 'IOPAD' in HDPYFinalizeIO
WARNING: [Designutils 20-3303] unexpected site type 'IOPAD' in HDPYFinalizeIO
WARNING: [Designutils 20-3303] unexpected site type 'IOPAD' in HDPYFinalizeIO
WARNING: [Designutils 20-3303] unexpected site type 'IOPAD' in HDPYFinalizeIO
WARNING: [Designutils 20-3303] unexpected site type 'IOPAD' in HDPYFinalizeIO
WARNING: [Designutils 20-3303] unexpected site type 'IOPAD' in HDPYFinalizeIO
WARNING: [Designutils 20-3303] unexpected site type 'IOPAD' in HDPYFinalizeIO
WARNING: [Designutils 20-3303] unexpected site type 'IOPAD' in HDPYFinalizeIO
WARNING: [Designutils 20-3303] unexpected site type 'IOPAD' in HDPYFinalizeIO
WARNING: [Designutils 20-3303] unexpected site type 'IOPAD' in HDPYFinalizeIO
WARNING: [Designutils 20-3303] unexpected site type 'IOPAD' in HDPYFinalizeIO
WARNING: [Designutils 20-3303] unexpected site type 'IOPAD' in HDPYFinalizeIO
WARNING: [Designutils 20-3303] unexpected site type 'IOPAD' in HDPYFinalizeIO
WARNING: [Designutils 20-3303] unexpected site type 'IOPAD' in HDPYFinalizeIO
WARNING: [Designutils 20-3303] unexpected site type 'IOPAD' in HDPYFinalizeIO
WARNING: [Designutils 20-3303] unexpected site type 'IOPAD' in HDPYFinalizeIO
WARNING: [Designutils 20-3303] unexpected site type 'IOPAD' in HDPYFinalizeIO
WARNING: [Designutils 20-3303] unexpected site type 'IOPAD' in HDPYFinalizeIO
WARNING: [Designutils 20-3303] unexpected site type 'IOPAD' in HDPYFinalizeIO
WARNING: [Designutils 20-3303] unexpected site type 'IOPAD' in HDPYFinalizeIO
WARNING: [Designutils 20-3303] unexpected site type 'IOPAD' in HDPYFinalizeIO
WARNING: [Designutils 20-3303] unexpected site type 'IOPAD' in HDPYFinalizeIO
WARNING: [Designutils 20-3303] unexpected site type 'IOPAD' in HDPYFinalizeIO
WARNING: [Designutils 20-3303] unexpected site type 'IOPAD' in HDPYFinalizeIO
WARNING: [Designutils 20-3303] unexpected site type 'IOPAD' in HDPYFinalizeIO
WARNING: [Designutils 20-3303] unexpected site type 'IOPAD' in HDPYFinalizeIO
WARNING: [Designutils 20-3303] unexpected site type 'IOPAD' in HDPYFinalizeIO
WARNING: [Designutils 20-3303] unexpected site type 'IOPAD' in HDPYFinalizeIO
WARNING: [Designutils 20-3303] unexpected site type 'IOPAD' in HDPYFinalizeIO
WARNING: [Designutils 20-3303] unexpected site type 'IOPAD' in HDPYFinalizeIO
WARNING: [Designutils 20-3303] unexpected site type 'IOPAD' in HDPYFinalizeIO
WARNING: [Designutils 20-3303] unexpected site type 'IOPAD' in HDPYFinalizeIO
WARNING: [Designutils 20-3303] unexpected site type 'IOPAD' in HDPYFinalizeIO
WARNING: [Designutils 20-3303] unexpected site type 'IOPAD' in HDPYFinalizeIO
WARNING: [Designutils 20-3303] unexpected site type 'IOPAD' in HDPYFinalizeIO
WARNING: [Designutils 20-3303] unexpected site type 'IOPAD' in HDPYFinalizeIO
WARNING: [Designutils 20-3303] unexpected site type 'IOPAD' in HDPYFinalizeIO
WARNING: [Designutils 20-3303] unexpected site type 'IOPAD' in HDPYFinalizeIO
WARNING: [Designutils 20-3303] unexpected site type 'IOPAD' in HDPYFinalizeIO
WARNING: [Designutils 20-3303] unexpected site type 'IOPAD' in HDPYFinalizeIO
WARNING: [Designutils 20-3303] unexpected site type 'IOPAD' in HDPYFinalizeIO
WARNING: [Designutils 20-3303] unexpected site type 'IOPAD' in HDPYFinalizeIO
WARNING: [Designutils 20-3303] unexpected site type 'IOPAD' in HDPYFinalizeIO
WARNING: [Designutils 20-3303] unexpected site type 'IOPAD' in HDPYFinalizeIO
WARNING: [Designutils 20-3303] unexpected site type 'IOPAD' in HDPYFinalizeIO
WARNING: [Designutils 20-3303] unexpected site type 'IOPAD' in HDPYFinalizeIO
WARNING: [Designutils 20-3303] unexpected site type 'IOPAD' in HDPYFinalizeIO
WARNING: [Designutils 20-3303] unexpected site type 'IOPAD' in HDPYFinalizeIO
WARNING: [Designutils 20-3303] unexpected site type 'IOPAD' in HDPYFinalizeIO
WARNING: [Designutils 20-3303] unexpected site type 'IOPAD' in HDPYFinalizeIO
WARNING: [Designutils 20-3303] unexpected site type 'IOPAD' in HDPYFinalizeIO
WARNING: [Designutils 20-3303] unexpected site type 'IOPAD' in HDPYFinalizeIO
WARNING: [Designutils 20-3303] unexpected site type 'IOPAD' in HDPYFinalizeIO
WARNING: [Designutils 20-3303] unexpected site type 'IOPAD' in HDPYFinalizeIO
WARNING: [Designutils 20-3303] unexpected site type 'IOPAD' in HDPYFinalizeIO
WARNING: [Designutils 20-3303] unexpected site type 'IOPAD' in HDPYFinalizeIO
WARNING: [Designutils 20-3303] unexpected site type 'IOPAD' in HDPYFinalizeIO
WARNING: [Designutils 20-3303] unexpected site type 'IOPAD' in HDPYFinalizeIO
WARNING: [Designutils 20-3303] unexpected site type 'IOPAD' in HDPYFinalizeIO
WARNING: [Designutils 20-3303] unexpected site type 'IOPAD' in HDPYFinalizeIO
WARNING: [Designutils 20-3303] unexpected site type 'IOPAD' in HDPYFinalizeIO
WARNING: [Designutils 20-3303] unexpected site type 'IOPAD' in HDPYFinalizeIO
WARNING: [Designutils 20-3303] unexpected site type 'IOPAD' in HDPYFinalizeIO
WARNING: [Designutils 20-3303] unexpected site type 'IOPAD' in HDPYFinalizeIO
WARNING: [Designutils 20-3303] unexpected site type 'IOPAD' in HDPYFinalizeIO
WARNING: [Designutils 20-3303] unexpected site type 'IOPAD' in HDPYFinalizeIO
WARNING: [Designutils 20-3303] unexpected site type 'IOPAD' in HDPYFinalizeIO
WARNING: [Designutils 20-3303] unexpected site type 'IOPAD' in HDPYFinalizeIO
WARNING: [Designutils 20-3303] unexpected site type 'IOPAD' in HDPYFinalizeIO
WARNING: [Designutils 20-3303] unexpected site type 'IOPAD' in HDPYFinalizeIO
WARNING: [Designutils 20-3303] unexpected site type 'IOPAD' in HDPYFinalizeIO
WARNING: [Designutils 20-3303] unexpected site type 'IOPAD' in HDPYFinalizeIO
WARNING: [Designutils 20-3303] unexpected site type 'IOPAD' in HDPYFinalizeIO
WARNING: [Designutils 20-3303] unexpected site type 'IOPAD' in HDPYFinalizeIO
WARNING: [Designutils 20-3303] unexpected site type 'IOPAD' in HDPYFinalizeIO
WARNING: [Designutils 20-3303] unexpected site type 'IOPAD' in HDPYFinalizeIO
WARNING: [Designutils 20-3303] unexpected site type 'IOPAD' in HDPYFinalizeIO
WARNING: [Designutils 20-3303] unexpected site type 'IOPAD' in HDPYFinalizeIO
WARNING: [Designutils 20-3303] unexpected site type 'IOPAD' in HDPYFinalizeIO
WARNING: [Designutils 20-3303] unexpected site type 'IOPAD' in HDPYFinalizeIO
WARNING: [Designutils 20-3303] unexpected site type 'IOPAD' in HDPYFinalizeIO
WARNING: [Designutils 20-3303] unexpected site type 'IOPAD' in HDPYFinalizeIO
WARNING: [Designutils 20-3303] unexpected site type 'IOPAD' in HDPYFinalizeIO
WARNING: [Designutils 20-3303] unexpected site type 'IOPAD' in HDPYFinalizeIO
WARNING: [Designutils 20-3303] unexpected site type 'IOPAD' in HDPYFinalizeIO
WARNING: [Designutils 20-3303] unexpected site type 'IOPAD' in HDPYFinalizeIO
WARNING: [Designutils 20-3303] unexpected site type 'IOPAD' in HDPYFinalizeIO
WARNING: [Designutils 20-3303] unexpected site type 'IOPAD' in HDPYFinalizeIO
WARNING: [Designutils 20-3303] unexpected site type 'IOPAD' in HDPYFinalizeIO
WARNING: [Designutils 20-3303] unexpected site type 'IOPAD' in HDPYFinalizeIO
WARNING: [Designutils 20-3303] unexpected site type 'IOPAD' in HDPYFinalizeIO
WARNING: [Designutils 20-3303] unexpected site type 'IOPAD' in HDPYFinalizeIO
WARNING: [Designutils 20-3303] unexpected site type 'IOPAD' in HDPYFinalizeIO
INFO: [Common 17-14] Message 'Designutils 20-3303' appears 100 times and further instances of the messages will be disabled. Use the Tcl command set_msg_config to change the current settings.
INFO: [Vivado_Tcl 4-198] DRC finished with 0 Errors
INFO: [Vivado_Tcl 4-199] Please refer to the DRC report (report_drc) for more information.


Starting Routing Task
INFO: [Route 35-254] Multithreading enabled for route_design using a maximum of 2 CPUs
Checksum: PlaceDB: 6f343a6d ConstDB: 0 ShapeSum: b4bdd266 RouteDB: 0

Phase 1 Build RT Design
Phase 1 Build RT Design | Checksum: fd2bfe51

Time (s): cpu = 00:00:17 ; elapsed = 00:00:14 . Memory (MB): peak = 2051.348 ; gain = 0.000
Post Restoration Checksum: NetGraph: 942299c3 NumContArr: 6909648e Constraints: 0 Timing: 0

Phase 2 Router Initialization

Phase 2.1 Create Timer
Phase 2.1 Create Timer | Checksum: fd2bfe51

Time (s): cpu = 00:00:18 ; elapsed = 00:00:14 . Memory (MB): peak = 2051.348 ; gain = 0.000

Phase 2.2 Fix Topology Constraints
Phase 2.2 Fix Topology Constraints | Checksum: fd2bfe51

Time (s): cpu = 00:00:18 ; elapsed = 00:00:14 . Memory (MB): peak = 2051.348 ; gain = 0.000

Phase 2.3 Pre Route Cleanup
Phase 2.3 Pre Route Cleanup | Checksum: fd2bfe51

Time (s): cpu = 00:00:18 ; elapsed = 00:00:14 . Memory (MB): peak = 2051.348 ; gain = 0.000
 Number of Nodes with overlaps = 0

Phase 2.4 Update Timing
Phase 2.4 Update Timing | Checksum: 1b4f7a4b0

Time (s): cpu = 00:00:24 ; elapsed = 00:00:18 . Memory (MB): peak = 2051.348 ; gain = 0.000
INFO: [Route 35-416] Intermediate Timing Summary | WNS=-8.579 | TNS=-725.524| WHS=-0.374 | THS=-753.402|


Phase 2.5 Update Timing for Bus Skew

Phase 2.5.1 Update Timing
Phase 2.5.1 Update Timing | Checksum: 12dab1dee

Time (s): cpu = 00:00:28 ; elapsed = 00:00:21 . Memory (MB): peak = 2110.070 ; gain = 58.723
INFO: [Route 35-416] Intermediate Timing Summary | WNS=-8.579 | TNS=-715.874| WHS=N/A    | THS=N/A    |

Phase 2.5 Update Timing for Bus Skew | Checksum: 196319444

Time (s): cpu = 00:00:28 ; elapsed = 00:00:21 . Memory (MB): peak = 2110.070 ; gain = 58.723
Phase 2 Router Initialization | Checksum: 133364d16

Time (s): cpu = 00:00:28 ; elapsed = 00:00:21 . Memory (MB): peak = 2110.070 ; gain = 58.723

Phase 3 Initial Routing
Phase 3 Initial Routing | Checksum: 1bb57005c

Time (s): cpu = 00:00:32 ; elapsed = 00:00:23 . Memory (MB): peak = 2110.070 ; gain = 58.723

Phase 4 Rip-up And Reroute

Phase 4.1 Global Iteration 0
 Number of Nodes with overlaps = 3298
 Number of Nodes with overlaps = 700
 Number of Nodes with overlaps = 187
 Number of Nodes with overlaps = 24
 Number of Nodes with overlaps = 5
 Number of Nodes with overlaps = 0
INFO: [Route 35-416] Intermediate Timing Summary | WNS=-10.240| TNS=-996.613| WHS=N/A    | THS=N/A    |

Phase 4.1 Global Iteration 0 | Checksum: 1831c3f33

Time (s): cpu = 00:00:47 ; elapsed = 00:00:33 . Memory (MB): peak = 2110.070 ; gain = 58.723

Phase 4.2 Global Iteration 1
 Number of Nodes with overlaps = 438
 Number of Nodes with overlaps = 139
 Number of Nodes with overlaps = 35
 Number of Nodes with overlaps = 9
 Number of Nodes with overlaps = 3
 Number of Nodes with overlaps = 4
 Number of Nodes with overlaps = 3
 Number of Nodes with overlaps = 0
INFO: [Route 35-416] Intermediate Timing Summary | WNS=-10.224| TNS=-983.455| WHS=N/A    | THS=N/A    |

Phase 4.2 Global Iteration 1 | Checksum: 16b4bdf7c

Time (s): cpu = 00:00:52 ; elapsed = 00:00:38 . Memory (MB): peak = 2110.070 ; gain = 58.723
Phase 4 Rip-up And Reroute | Checksum: 16b4bdf7c

Time (s): cpu = 00:00:52 ; elapsed = 00:00:38 . Memory (MB): peak = 2110.070 ; gain = 58.723

Phase 5 Delay and Skew Optimization

Phase 5.1 Delay CleanUp

Phase 5.1.1 Update Timing
Phase 5.1.1 Update Timing | Checksum: 207e679cc

Time (s): cpu = 00:00:53 ; elapsed = 00:00:38 . Memory (MB): peak = 2110.070 ; gain = 58.723
INFO: [Route 35-416] Intermediate Timing Summary | WNS=-10.098| TNS=-968.884| WHS=N/A    | THS=N/A    |

 Number of Nodes with overlaps = 0
Phase 5.1 Delay CleanUp | Checksum: 20245c93c

Time (s): cpu = 00:00:54 ; elapsed = 00:00:39 . Memory (MB): peak = 2110.070 ; gain = 58.723

Phase 5.2 Clock Skew Optimization
Phase 5.2 Clock Skew Optimization | Checksum: 20245c93c

Time (s): cpu = 00:00:54 ; elapsed = 00:00:39 . Memory (MB): peak = 2110.070 ; gain = 58.723
Phase 5 Delay and Skew Optimization | Checksum: 20245c93c

Time (s): cpu = 00:00:54 ; elapsed = 00:00:39 . Memory (MB): peak = 2110.070 ; gain = 58.723

Phase 6 Post Hold Fix

Phase 6.1 Hold Fix Iter

Phase 6.1.1 Update Timing
Phase 6.1.1 Update Timing | Checksum: 19e303008

Time (s): cpu = 00:00:55 ; elapsed = 00:00:40 . Memory (MB): peak = 2110.070 ; gain = 58.723
INFO: [Route 35-416] Intermediate Timing Summary | WNS=-9.991 | TNS=-926.589| WHS=0.044  | THS=0.000  |

Phase 6.1 Hold Fix Iter | Checksum: 18f3266ab

Time (s): cpu = 00:00:55 ; elapsed = 00:00:40 . Memory (MB): peak = 2110.070 ; gain = 58.723
Phase 6 Post Hold Fix | Checksum: 18f3266ab

Time (s): cpu = 00:00:55 ; elapsed = 00:00:40 . Memory (MB): peak = 2110.070 ; gain = 58.723

Phase 7 Route finalize

Router Utilization Summary
  Global Vertical Routing Utilization    = 4.73646 %
  Global Horizontal Routing Utilization  = 6.57623 %
  Routable Net Status*
  *Does not include unroutable nets such as driverless and loadless.
  Run report_route_status for detailed report.
  Number of Failed Nets               = 0
  Number of Unrouted Nets             = 0
  Number of Partially Routed Nets     = 0
  Number of Node Overlaps             = 0

Congestion Report
North Dir 1x1 Area, Max Cong = 56.7568%, No Congested Regions.
South Dir 1x1 Area, Max Cong = 63.964%, No Congested Regions.
East Dir 1x1 Area, Max Cong = 76.4706%, No Congested Regions.
West Dir 1x1 Area, Max Cong = 64.7059%, No Congested Regions.

------------------------------
Reporting congestion hotspots
------------------------------
Direction: North
----------------
Congested clusters found at Level 0
Effective congestion level: 0 Aspect Ratio: 1 Sparse Ratio: 0
Direction: South
----------------
Congested clusters found at Level 0
Effective congestion level: 0 Aspect Ratio: 1 Sparse Ratio: 0
Direction: East
----------------
Congested clusters found at Level 0
Effective congestion level: 0 Aspect Ratio: 1 Sparse Ratio: 0
Direction: West
----------------
Congested clusters found at Level 0
Effective congestion level: 0 Aspect Ratio: 1 Sparse Ratio: 0

Phase 7 Route finalize | Checksum: 1dce4a988

Time (s): cpu = 00:00:55 ; elapsed = 00:00:40 . Memory (MB): peak = 2110.070 ; gain = 58.723

Phase 8 Verifying routed nets

 Verification completed successfully
Phase 8 Verifying routed nets | Checksum: 1dce4a988

Time (s): cpu = 00:00:55 ; elapsed = 00:00:40 . Memory (MB): peak = 2110.070 ; gain = 58.723

Phase 9 Depositing Routes
Phase 9 Depositing Routes | Checksum: 1d0c05763

Time (s): cpu = 00:00:57 ; elapsed = 00:00:41 . Memory (MB): peak = 2110.070 ; gain = 58.723

Phase 10 Post Router Timing
INFO: [Route 35-57] Estimated Timing Summary | WNS=-9.991 | TNS=-926.589| WHS=0.044  | THS=0.000  |

WARNING: [Route 35-328] Router estimated timing not met.
Resolution: For a complete and accurate timing signoff, report_timing_summary must be run after route_design. Alternatively, route_design can be run with the -timing_summary option to enable a complete timing signoff at the end of route_design.
Phase 10 Post Router Timing | Checksum: 1d0c05763

Time (s): cpu = 00:00:57 ; elapsed = 00:00:41 . Memory (MB): peak = 2110.070 ; gain = 58.723
INFO: [Route 35-16] Router Completed Successfully

Time (s): cpu = 00:00:57 ; elapsed = 00:00:42 . Memory (MB): peak = 2110.070 ; gain = 58.723

Routing Is Done.
INFO: [Common 17-83] Releasing license: Implementation
116 Infos, 224 Warnings, 17 Critical Warnings and 0 Errors encountered.
route_design completed successfully
route_design: Time (s): cpu = 00:01:00 ; elapsed = 00:00:43 . Memory (MB): peak = 2110.070 ; gain = 58.723
Netlist sorting complete. Time (s): cpu = 00:00:00 ; elapsed = 00:00:00.011 . Memory (MB): peak = 2110.070 ; gain = 0.000
INFO: [Timing 38-480] Writing timing data to binary archive.
Writing placer database...
Netlist sorting complete. Time (s): cpu = 00:00:00 ; elapsed = 00:00:00.012 . Memory (MB): peak = 2110.070 ; gain = 0.000
Writing XDEF routing.
Writing XDEF routing logical nets.
Writing XDEF routing special nets.
Write XDEF Complete: Time (s): cpu = 00:00:04 ; elapsed = 00:00:02 . Memory (MB): peak = 2110.070 ; gain = 0.000
INFO: [Common 17-1381] The checkpoint 'F:/Vivado/2023_pl_new/2023_step2_by_ygw/2023_step2_by_ygw.runs/impl_1/design_1_wrapper_routed.dcp' has been generated.
INFO: [runtcl-4] Executing : report_drc -file design_1_wrapper_drc_routed.rpt -pb design_1_wrapper_drc_routed.pb -rpx design_1_wrapper_drc_routed.rpx
Command: report_drc -file design_1_wrapper_drc_routed.rpt -pb design_1_wrapper_drc_routed.pb -rpx design_1_wrapper_drc_routed.rpx
INFO: [IP_Flow 19-1839] IP Catalog is up to date.
INFO: [DRC 23-27] Running DRC with 2 threads
INFO: [Coretcl 2-168] The results of DRC are in file F:/Vivado/2023_pl_new/2023_step2_by_ygw/2023_step2_by_ygw.runs/impl_1/design_1_wrapper_drc_routed.rpt.
report_drc completed successfully
INFO: [runtcl-4] Executing : report_methodology -file design_1_wrapper_methodology_drc_routed.rpt -pb design_1_wrapper_methodology_drc_routed.pb -rpx design_1_wrapper_methodology_drc_routed.rpx
Command: report_methodology -file design_1_wrapper_methodology_drc_routed.rpt -pb design_1_wrapper_methodology_drc_routed.pb -rpx design_1_wrapper_methodology_drc_routed.rpx
INFO: [Timing 38-35] Done setting XDC timing constraints.
INFO: [DRC 23-133] Running Methodology with 2 threads
INFO: [Coretcl 2-1520] The results of Report Methodology are in file F:/Vivado/2023_pl_new/2023_step2_by_ygw/2023_step2_by_ygw.runs/impl_1/design_1_wrapper_methodology_drc_routed.rpt.
report_methodology completed successfully
report_methodology: Time (s): cpu = 00:00:10 ; elapsed = 00:00:06 . Memory (MB): peak = 2182.883 ; gain = 72.812
INFO: [runtcl-4] Executing : report_power -file design_1_wrapper_power_routed.rpt -pb design_1_wrapper_power_summary_routed.pb -rpx design_1_wrapper_power_routed.rpx
Command: report_power -file design_1_wrapper_power_routed.rpt -pb design_1_wrapper_power_summary_routed.pb -rpx design_1_wrapper_power_routed.rpx
INFO: [Timing 38-35] Done setting XDC timing constraints.
Running Vector-less Activity Propagation...

Finished Running Vector-less Activity Propagation
128 Infos, 224 Warnings, 17 Critical Warnings and 0 Errors encountered.
report_power completed successfully
INFO: [runtcl-4] Executing : report_route_status -file design_1_wrapper_route_status.rpt -pb design_1_wrapper_route_status.pb
INFO: [runtcl-4] Executing : report_timing_summary -max_paths 10 -file design_1_wrapper_timing_summary_routed.rpt -pb design_1_wrapper_timing_summary_routed.pb -rpx design_1_wrapper_timing_summary_routed.rpx -warn_on_violation 
INFO: [Timing 38-91] UpdateTimingParams: Speed grade: -2, Delay Type: min_max.
INFO: [Timing 38-191] Multithreading enabled for timing update using a maximum of 2 CPUs
CRITICAL WARNING: [Timing 38-282] The design failed to meet the timing requirements. Please see the timing summary report for details on the timing violations.
WARNING: [Timing 38-436] There are set_bus_skew constraint(s) in this design. Please run report_bus_skew to ensure that bus skew requirements are met.
INFO: [runtcl-4] Executing : report_incremental_reuse -file design_1_wrapper_incremental_reuse_routed.rpt
INFO: [Vivado_Tcl 4-1062] Incremental flow is disabled. No incremental reuse Info to report.
INFO: [runtcl-4] Executing : report_clock_utilization -file design_1_wrapper_clock_utilization_routed.rpt
INFO: [runtcl-4] Executing : report_bus_skew -warn_on_violation -file design_1_wrapper_bus_skew_routed.rpt -pb design_1_wrapper_bus_skew_routed.pb -rpx design_1_wrapper_bus_skew_routed.rpx
INFO: [Timing 38-91] UpdateTimingParams: Speed grade: -2, Delay Type: min_max.
INFO: [Timing 38-191] Multithreading enabled for timing update using a maximum of 2 CPUs
INFO: [Common 17-206] Exiting Vivado at Sat Jul 25 18:08:53 2026...
[Sat Jul 25 18:08:58 2026] impl_1 finished
wait_on_run: Time (s): cpu = 00:00:00 ; elapsed = 00:03:41 . Memory (MB): peak = 423.500 ; gain = 0.000
# set impl_status [get_property STATUS [get_runs impl_1]]
# if {![string match {*route_design Complete!*} $impl_status]} {
#     error "Implementation failed: $impl_status"
# }
Implementation failed: route_design Complete, Failed Timing!
    while executing
"error "Implementation failed: $impl_status""
    invoked from within
"if {![string match {*route_design Complete!*} $impl_status]} {
    error "Implementation failed: $impl_status"
}"
    (file "F:\Vivado\2023\main\FPGA--main\run_costas_pipeline_impl.tcl" line 17)
INFO: [Common 17-206] Exiting Vivado at Sat Jul 25 18:08:58 2026...
